stub,n_rois,mean_roi_area_nm2,summed_roi_area_nm2,total_fenestration_area_nm2,total_fenestration_area_um2,summed_roi_area_um2
FAS20_ME_05,633,4582.780636056873,2900900.1426240006,2900900.1426240006,2.9009001426240006,2.9009001426240006
FAS24_ME_13,742,2878.9978336132076,2136216.392541,2136216.392541,2.1362163925410003,2.1362163925410003
FAS6_ME_new_26,623,3376.617954414125,2103632.9856,2103632.9856,2.1036329855999996,2.1036329855999996
PR21_ME_03,794,2482.683432503779,1971250.6454080003,1971250.6454080006,1.9712506454080005,1.9712506454080003
FAS24_ME_05,668,2883.6457519790424,1926275.3623220003,1926275.3623220003,1.9262753623220004,1.9262753623220004
FAS20_ME_06,629,3016.793554543721,1897563.1458080004,1897563.1458080004,1.8975631458080005,1.8975631458080005
FAS24_ME_06,655,2756.0982693618325,1805244.3664320002,1805244.3664320004,1.8052443664320004,1.8052443664320001
FAS6_ME_new_07,701,2535.666955206848,1777502.5356000003,1777502.5356000003,1.7775025356000003,1.7775025356000003
FAS24_ME_03,721,2388.9634359681004,1722442.6373330003,1722442.6373330003,1.7224426373330004,1.7224426373330004
PR5_ME_03,645,2636.591134362791,1700601.2816640001,1700601.2816640001,1.7006012816640002,1.7006012816640002
FAS24_ME_11,805,2083.1177414559006,1676909.781872,1676909.781872,1.676909781872,1.676909781872
PR10_ME_32,643,2554.688711757387,1642664.84166,1642664.84166,1.6426648416599998,1.6426648416599998
FAS20_ME_25,721,2271.5437366102637,1637783.0340960003,1637783.0340960003,1.6377830340960002,1.6377830340960002
FAS23_ME_16,589,2767.3551603565365,1629972.18945,1629972.18945,1.6299721894499999,1.6299721894499999
FAS20_ME_26,779,2082.5626701720153,1622316.3200639999,1622316.3200639999,1.6223163200639998,1.6223163200639998
FAS6_ME_new_03,830,1940.5004256000002,1610615.3532480001,1610615.3532480001,1.610615353248,1.610615353248
PR10_ME_34,631,2510.1867007036453,1583927.8081440001,1583927.8081440001,1.583927808144,1.583927808144
FAS4_ME_new_16,713,2167.1391078821885,1545170.1839200002,1545170.1839200004,1.5451701839200005,1.5451701839200003
PR17_ME_23,674,2280.3129133531156,1536930.9035999998,1536930.9035999998,1.5369309035999998,1.5369309035999998
PR1_ME_10,593,2552.2870782596965,1513506.237408,1513506.237408,1.513506237408,1.513506237408
FAS16_ME_05,541,2796.5022723548987,1512907.729344,1512907.729344,1.512907729344,1.512907729344
FAS24_ME_27,612,2459.6385564444445,1505298.796544,1505298.796544,1.5052987965440001,1.5052987965440001
FAS6_ME_new_04,729,2054.7189989574763,1497890.15024,1497890.15024,1.4978901502400002,1.4978901502400002
FAS4_ME_new_13,646,2267.7618847801864,1464974.1775680003,1464974.1775680005,1.4649741775680005,1.4649741775680003
PR5_ME_02,514,2791.2211757821015,1434687.6843520002,1434687.6843520002,1.4346876843520002,1.4346876843520002
FAS6_ME_new_38,569,2475.258614762741,1408422.1517999999,1408422.1517999996,1.4084221517999997,1.4084221518
PR10_ME_31,500,2794.4167042880003,1397208.3521440001,1397208.3521440001,1.3972083521440002,1.3972083521440002
PR10_ME_26,602,2272.735571162791,1368186.8138400002,1368186.8138400002,1.3681868138400002,1.3681868138400002
FAS24_ME_25,639,2135.7281281690143,1364730.2739000001,1364730.2739000001,1.3647302739000002,1.3647302739000002
PR10_ME_33,598,2266.147931826087,1355156.4632320001,1355156.4632320001,1.3551564632320001,1.3551564632320001
PR21_ME_08,678,1966.200988938053,1333084.2704999999,1333084.2704999999,1.3330842705,1.3330842705
FAS6_ME_new_01,732,1816.7613579890713,1329869.3140480001,1329869.3140480001,1.3298693140480002,1.3298693140480002
FAS6_ME_new_06,820,1602.5831636878052,1314118.1942240002,1314118.1942240002,1.3141181942240001,1.3141181942240001
PR21_ME_04,531,2458.5984221167614,1305515.7621440003,1305515.7621440003,1.3055157621440003,1.3055157621440003
PR10_ME_25,543,2401.464700346225,1303995.3322880003,1303995.3322880003,1.3039953322880002,1.3039953322880002
PR5_ME_24,641,2026.6291422652107,1299069.280192,1299069.280192,1.299069280192,1.299069280192
FAS23_ME_20,548,2358.631746213504,1292530.196925,1292530.196925,1.292530196925,1.292530196925
PR6_ME_32,582,2216.7787790515467,1290165.2494080001,1290165.2494080001,1.2901652494080003,1.2901652494080003
PR10_ME_27,533,2414.3160965103193,1286830.4794400001,1286830.4794400001,1.28683047944,1.28683047944
PR10_ME_36,604,2121.54903181457,1281415.6152160002,1281415.6152160002,1.2814156152160003,1.2814156152160003
FAS24_ME_04,581,2202.06963545611,1279402.4582,1279402.4582,1.2794024582,1.2794024582
FAS24_ME_08,552,2291.540897836957,1264930.5756060001,1264930.5756060001,1.264930575606,1.264930575606
PR10_ME_18,585,2160.613231753846,1263958.740576,1263958.7405759997,1.2639587405759998,1.263958740576
FAS6_ME_new_25,625,2005.0524216,1253157.7635,1253157.7635,1.2531577635,1.2531577635
PR17_ME_12,683,1824.4178499267935,1246077.3915,1246077.3915,1.2460773914999999,1.2460773914999999
PR6_ME_43,682,1818.0502873900296,1239910.296,1239910.296,1.2399102960000001,1.2399102960000001
PR20_ME_12,652,1886.5545928481597,1230033.5945370002,1230033.5945370002,1.2300335945370002,1.2300335945370002
FAS4_ME_new_14,598,2051.036948414716,1226520.0951520002,1226520.0951520002,1.2265200951520001,1.2265200951520001
PR12_ME_06,711,1720.8990971364278,1223559.2580640002,1223559.2580640002,1.2235592580640002,1.2235592580640002
FAS6_ME_new_13,548,2229.7301461021902,1221892.1200640001,1221892.1200640004,1.2218921200640003,1.221892120064
PR20_ME_15,459,2635.382805882353,1209640.7079,1209640.7079,1.2096407079,1.2096407079
FAS20_ME_04,591,2044.3681699898482,1208221.5884640003,1208221.5884640003,1.2082215884640002,1.2082215884640002
PR5_ME_22,613,1952.5274059380101,1196899.2998400002,1196899.2998400002,1.1968992998400003,1.1968992998400003
FAS19_ME_07,608,1967.6619529342104,1196338.4673839998,1196338.4673839998,1.1963384673839998,1.1963384673839998
PR16_ME_15,624,1912.1597144615387,1193187.661824,1193187.661824,1.193187661824,1.193187661824
FAS4_ME_new_05,498,2392.349725333334,1191390.1632160002,1191390.1632160002,1.1913901632160002,1.1913901632160002
PR6_ME_12,597,1975.76258958794,1179530.2659840002,1179530.2659840002,1.1795302659840001,1.1795302659840001
PR14_ME_11,468,2508.6906173333336,1174067.208912,1174067.208912,1.1740672089120001,1.1740672089120001
PR5_ME_27,654,1792.0881284892969,1172025.6360320002,1172025.6360320002,1.1720256360320003,1.1720256360320003
FAS24_ME_14,395,2942.4517257189877,1162268.4316590002,1162268.4316590002,1.1622684316590002,1.1622684316590002
FAS16_ME_04,412,2815.5209233009714,1159994.6204000001,1159994.6204000001,1.1599946204000002,1.1599946204000002
PR13_ME_16,589,1962.2427140237694,1155760.9585600002,1155760.9585600002,1.1557609585600002,1.1557609585600002
FAS24_ME_28,438,2609.740091260274,1143066.159972,1143066.159972,1.143066159972,1.143066159972
FAS20_ME_23,674,1695.3952470504453,1142696.3965120001,1142696.3965120001,1.142696396512,1.142696396512
PR5_ME_36,549,2080.2336522258656,1142048.2750720002,1142048.2750720002,1.1420482750720002,1.1420482750720002
FAS23_ME_15,571,1998.0117018616463,1140864.681763,1140864.681763,1.1408646817630002,1.1408646817630002
PR13_ME_08,453,2511.9606127682123,1137918.1575840001,1137918.1575840001,1.137918157584,1.137918157584
FAS19_ME_06,634,1794.442147015773,1137676.321208,1137676.321208,1.1376763212079999,1.1376763212079999
PR13_ME_04,464,2439.924656,1132125.0403840002,1132125.0403840002,1.1321250403840002,1.1321250403840002
FAS20_ME_24,707,1592.246482489392,1125718.2631200003,1125718.2631200003,1.1257182631200002,1.1257182631200002
PR11_ME_23,524,2143.576282870229,1123233.9722240001,1123233.9722240001,1.1232339722240001,1.1232339722240001
FAS23_ME_12,488,2287.093650307377,1116101.70135,1116101.70135,1.11610170135,1.11610170135
PR6_ME_14,647,1724.1549572550236,1115528.2573440003,1115528.2573440003,1.1155282573440002,1.1155282573440002
FAS6_ME_new_10,527,2114.52571254649,1114355.0505120002,1114355.0505120002,1.1143550505120001,1.1143550505120001
FAS6_ME_new_27,572,1929.8679356643356,1103884.4592,1103884.4592,1.1038844592,1.1038844592
PR12_ME_07,648,1699.2046790617287,1101084.6320320002,1101084.6320320002,1.1010846320320002,1.1010846320320002
PR20_ME_13,658,1669.7518618541033,1098696.7251,1098696.7251,1.0986967251,1.0986967251
PR1_ME_overview26,623,1761.91064752488,1097670.3334080002,1097670.3334080002,1.0976703334080002,1.0976703334080002
PR6_ME_13,592,1844.6626262702705,1092040.274752,1092040.274752,1.0920402747520002,1.0920402747520002
FAS16_ME_09,518,2093.60297861583,1084486.342923,1084486.342923,1.084486342923,1.084486342923
PR6_ME_15,614,1755.4181638045604,1077826.752576,1077826.752576,1.0778267525760001,1.0778267525760001
PR20_ME_21,527,2041.0198018975332,1075617.4356,1075617.4356,1.0756174356,1.0756174356
PR20_ME_24,599,1792.5288776293824,1073724.7977,1073724.7977,1.0737247977,1.0737247977
FAS6_ME_new_35,590,1816.6646776271186,1071832.1598,1071832.1598,1.0718321598,1.0718321598
FAS19_ME_04,420,2550.8259110952376,1071346.88266,1071346.88266,1.0713468826599999,1.0713468826599999
FAS4_ME_new_17,545,1939.5330543559635,1057045.514624,1057045.514624,1.057045514624,1.057045514624
FAS4_ME_new_19,572,1815.9912726153848,1038747.0079360001,1038747.0079360001,1.0387470079360002,1.0387470079360002
PR22_ME_15,689,1487.31683904209,1024761.3021,1024761.3021,1.0247613021,1.0247613021
PR5_ME_05,435,2351.6998791356323,1022989.4474240001,1022989.447424,1.022989447424,1.0229894474240002
PR13_ME_03,405,2518.2768816592593,1019902.1370720001,1019902.137072,1.019902137072,1.019902137072
FAS20_ME_27,575,1753.446459102609,1008231.7139840001,1008231.7139840001,1.0082317139840002,1.0082317139840002
PR21_ME_05,468,2149.489996288462,1005961.3182630001,1005961.3182630002,1.0059613182630003,1.005961318263
FAS20_ME_22,666,1510.2768353873876,1005844.3723680001,1005844.3723680001,1.0058443723680002,1.0058443723680002
FAS6_ME_new_02,636,1579.2515175094343,1004403.9651360002,1004403.9651360002,1.0044039651360002,1.0044039651360002
PR16_ME_09,470,2125.262362144681,998873.310208,998873.310208,0.998873310208,0.998873310208
FAS6_ME_new_22,550,1815.942122181818,998768.1671999999,998768.1671999999,0.9987681672,0.9987681672
PR16_ME_08,559,1779.454946690519,994715.3152000001,994715.3152000001,0.9947153152000001,0.9947153152000001
PR20_ME_28,482,2039.7595780082986,983164.1166,983164.1166,0.9831641165999999,0.9831641165999999
PR22_ME_14,641,1531.6519352574103,981788.8905,981788.8905,0.9817888905,0.9817888905
PR10_ME_15,651,1501.1050734746545,977219.402832,977219.4028320002,0.9772194028320002,0.977219402832
FAS15_ME_04,594,1642.4273216700337,975601.829072,975601.829072,0.975601829072,0.975601829072
FAS24_ME_07,622,1567.3400558006433,974885.5147080001,974885.5147080001,0.9748855147080001,0.9748855147080001
FAS24_ME_17,656,1485.6639739420732,974595.566906,974595.566906,0.974595566906,0.974595566906
FAS24_ME_22,517,1882.5263124835592,973266.1035540001,973266.1035540001,0.9732661035540001,0.9732661035540001
PR17_ME_34,470,2069.936904255319,972870.345,972870.3449999999,0.9728703449999998,0.972870345
PR20_ME_18,498,1953.4455433734938,972815.8805999999,972815.8805999999,0.9728158805999999,0.9728158805999999
PR5_ME_21,528,1837.07736969697,969976.8512000002,969976.8512000002,0.9699768512000001,0.9699768512000001
PR6_ME_10,485,1993.134894317526,966670.4237440001,966670.4237440001,0.9666704237440001,0.9666704237440001
FAS6_ME_new_17,675,1431.970278802963,966579.9381920001,966579.938192,0.966579938192,0.9665799381920002
FAS6_ME_new_09,550,1756.8603360000002,966273.1848000002,966273.1848,0.9662731848,0.9662731848000001
FAS6_ME_new_37,464,2079.6245146551723,964945.7748,964945.7748,0.9649457748,0.9649457748
PR1_ME_05,476,2021.3796872268908,962176.73112,962176.73112,0.96217673112,0.96217673112
PR10_ME_35,413,2328.3095915157387,961591.8612960001,961591.8612960001,0.961591861296,0.961591861296
PR17_ME_52,508,1890.8688791338582,960561.3905999999,960561.3905999999,0.9605613905999999,0.9605613905999999
PR21_ME_07,535,1791.3188456074765,958355.5824,958355.5824,0.9583555824,0.9583555824
PR22_ME_21,567,1687.8846062222226,957030.5717280002,957030.5717280002,0.9570305717280002,0.9570305717280002
PR1_ME_09,604,1579.4584469403974,953992.901952,953992.901952,0.953992901952,0.953992901952
FAS24_ME_19,568,1677.801001294014,952990.968735,952990.9687349999,0.9529909687349999,0.952990968735
PR10_ME_30,402,2369.293395661692,952455.9450560001,952455.9450560003,0.9524559450560003,0.9524559450560002
FAS4_ME_new_18,535,1779.4438944299068,952002.4835200001,952002.4835200001,0.9520024835200002,0.9520024835200002
PR22_ME_17,662,1421.0518867069486,940736.3489999999,940736.3489999999,0.9407363489999999,0.9407363489999999
FAS6_ME_new_36,516,1819.0687395348837,938639.4696,938639.4696,0.9386394696,0.9386394696
FAS24_ME_10,693,1354.2553254848485,938498.940561,938498.940561,0.938498940561,0.938498940561
PR12_ME_overview03,498,1884.3881760000004,938425.3116480001,938425.3116480001,0.9384253116480001,0.9384253116480001
PR12_ME_03,498,1884.3881760000004,938425.3116480001,938425.3116480001,0.9384253116480001,0.9384253116480001
PR5_ME_14,510,1837.7022113882356,937228.1278080002,937228.1278080002,0.9372281278080002,0.9372281278080002
FAS24_ME_18,604,1548.3374825960266,935195.839488,935195.839488,0.935195839488,0.935195839488
FAS23_ME_04,421,2219.841979097387,934553.4732,934553.4732,0.9345534732,0.9345534732
FAS24_ME_09,549,1695.9493285683063,931076.1813840001,931076.1813840002,0.9310761813840003,0.9310761813840002
FAS19_ME_20,613,1518.7617405791193,931000.9469750001,931000.9469750001,0.9310009469750001,0.9310009469750001
FAS24_ME_31,543,1713.900172928177,930647.7939,930647.7939,0.9306477939000001,0.9306477939000001
FAS24_ME_26,667,1391.3525767616193,928032.1687,928032.1687,0.9280321687,0.9280321687
PR14_ME_06,418,2213.4168458947374,925208.2415840002,925208.2415840003,0.9252082415840003,0.9252082415840002
PR1_ME_03,556,1660.4287062733813,923198.360688,923198.360688,0.923198360688,0.923198360688
FAS19_ME_21,579,1593.4933865284975,922632.6708000001,922632.6708000001,0.9226326708000001,0.9226326708000001
PR1_ME_overview35,443,2077.396953065463,920286.8502080002,920286.8502080002,0.9202868502080002,0.9202868502080002
PR13_ME_13,496,1855.3639540967745,920260.5212320001,920260.5212320001,0.9202605212320001,0.9202605212320001
PR20_ME_19,483,1903.0120714285713,919154.8304999999,919154.8304999999,0.9191548304999999,0.9191548304999999
FAS23_ME_14,505,1815.5734413861385,916864.5878999999,916864.5878999999,0.9168645878999999,0.9168645878999999
PR6_ME_11,500,1830.141895936,915070.9479680001,915070.9479680001,0.915070947968,0.915070947968
PR5_ME_15,420,2178.217700266667,914851.4341120002,914851.4341120002,0.9148514341120002,0.9148514341120002
FAS6_ME_new_24,498,1836.833763253012,914743.2141,914743.2141,0.9147432141,0.9147432141
PR17_ME_21,594,1536.7396363636362,912823.3439999999,912823.3439999999,0.9128233439999999,0.9128233439999999
FAS6_ME_new_29,544,1677.133081985294,912360.3966,912360.3966,0.9123603966,0.9123603966
FAS20_ME_17,621,1468.7136781706927,912071.1941440002,912071.1941440002,0.9120711941440002,0.9120711941440002
PR16_ME_19,519,1746.6189086088632,906495.213568,906495.213568,0.906495213568,0.906495213568
PR22_ME_24,532,1702.862385714286,905922.7892000001,905922.7892000001,0.9059227892000001,0.9059227892000001
FAS24_ME_16,541,1668.5197826173753,902669.202396,902669.202396,0.902669202396,0.902669202396
PR17_ME_35,489,1837.087553374233,898335.8136,898335.8136,0.8983358136,0.8983358136
FAS23_ME_24,542,1653.9561931586716,896444.256692,896444.256692,0.896444256692,0.896444256692
PR5_ME_39,509,1761.016486726916,896357.3917440001,896357.3917440001,0.8963573917440001,0.8963573917440001
FAS4_ME_new_06,437,2050.7704880549204,896186.7032800001,896186.7032800002,0.8961867032800003,0.8961867032800002
PR13_ME_18,547,1637.8061241096896,895879.9498880001,895879.9498880001,0.8958799498880001,0.8958799498880001
FAS6_ME_new_30,489,1828.1215325153373,893951.4293999999,893951.4293999999,0.8939514293999999,0.8939514293999999
PR13_ME_15,510,1752.5070762745097,893778.6089,893778.6089,0.8937786088999999,0.8937786088999999
FAS23_ME_06,471,1896.2734089575374,893144.7756190001,893144.7756190001,0.8931447756190001,0.8931447756190001
FAS6_ME_new_20,724,1230.2259190607733,890683.5654,890683.5653999998,0.8906835653999998,0.8906835653999999
FAS16_ME_19,465,1914.1182205247314,890064.9725440001,890064.9725440001,0.8900649725440002,0.8900649725440002
FAS23_ME_17,395,2252.519874683544,889745.3505,889745.3504999998,0.8897453504999998,0.8897453504999999
FAS19_ME_23,524,1685.1033870706108,882994.174825,882994.174825,0.882994174825,0.882994174825
FAS4_ME_new_07,432,2041.3796080740742,881875.9906880001,881875.9906880001,0.8818759906880002,0.8818759906880002
PR11_ME_14,513,1718.007867883041,881338.036224,881338.036224,0.8813380362240001,0.8813380362240001
PR17_ME_19,543,1615.0500049723757,876972.1527,876972.1527,0.8769721527,0.8769721527
FAS24_ME_20,605,1443.6071033057851,873382.2975,873382.2975,0.8733822975,0.8733822975
PR5_ME_44,557,1566.1545130053862,872348.0637440002,872348.0637440002,0.8723480637440002,0.8723480637440002
PR16_ME_14,473,1833.9916551035942,867478.0528640001,867478.0528640001,0.867478052864,0.867478052864
PR17_ME_38,524,1654.35615,866882.6226,866882.6226,0.8668826226,0.8668826226
FAS20_ME_21,611,1412.1832132242228,862843.9432800001,862843.9432800001,0.8628439432800001,0.8628439432800001
PR10_ME_24,395,2177.763376688608,860216.5337920001,860216.5337920001,0.8602165337920001,0.8602165337920001
PR5_ME_26,487,1764.956760574949,859533.9424000002,859533.9424000002,0.8595339424000001,0.8595339424000001
PR5_ME_38,441,1944.110030512472,857352.5234560001,857352.5234560001,0.8573525234560001,0.8573525234560001
PR22_ME_18,592,1446.710625,856452.69,856452.69,0.8564526899999999,0.8564526899999999
PR14_ME_09,320,2666.5038741000003,853281.2397120001,853281.2397120001,0.8532812397120001,0.8532812397120001
PR17_ME_25,477,1788.1050735849055,852926.1201,852926.1201,0.8529261200999999,0.8529261200999999
PR10_ME_21,441,1921.7085149387756,847473.455088,847473.455088,0.8474734550880001,0.8474734550880001
PR16_ME_04,513,1649.9288367407407,846413.493248,846413.493248,0.8464134932480001,0.8464134932480001
PR5_ME_23,511,1652.690181009785,844524.6824960001,844524.6824960001,0.8445246824960001,0.8445246824960001
PR5_ME_20,414,2039.38446531401,844305.1686400002,844305.1686400002,0.8443051686400002,0.8443051686400002
PR13_ME_11,489,1724.931482993865,843491.495184,843491.495184,0.843491495184,0.843491495184
PR20_ME_27,509,1654.021766404715,841897.0791,841897.0791,0.8418970791,0.8418970791
FAS23_ME_08,515,1631.3636905339806,840152.300625,840152.300625,0.840152300625,0.840152300625
FAS16_ME_12,475,1768.219209263158,839904.1244000001,839904.1244000001,0.8399041244000001,0.8399041244000001
PR16_ME_24,488,1720.333458885246,839522.7279360001,839522.7279360001,0.8395227279360001,0.8395227279360001
PR22_ME_16,547,1526.8203394881168,835170.7257,835170.7257,0.8351707257,0.8351707257
PR6_ME_08,468,1782.406778666667,834166.3724160001,834166.3724160001,0.8341663724160001,0.8341663724160001
FAS6_ME_new_19,655,1273.1781077862595,833931.6606,833931.6606,0.8339316605999999,0.8339316605999999
PR6_ME_48,415,2009.4241210698794,833911.010244,833911.010244,0.833911010244,0.833911010244
PR20_ME_25,523,1592.3807655831738,832815.1403999999,832815.1403999999,0.8328151403999999,0.8328151403999999
PR13_ME_19,465,1785.9672943483872,830474.7918720001,830474.7918720001,0.8304747918720001,0.8304747918720001
PR10_ME_22,543,1524.228234961326,827655.931584,827655.931584,0.827655931584,0.827655931584
PR17_ME_17,544,1517.7946764705882,825680.304,825680.304,0.825680304,0.825680304
PR17_ME_39,418,1974.855690430622,825489.6786,825489.6786,0.8254896786,0.8254896786
PR16_ME_12,392,2102.546667102041,824198.2935040001,824198.2935040001,0.8241982935040001,0.8241982935040001
FAS6_ME_new_18,647,1271.1797346213293,822453.2883,822453.2883,0.8224532883,0.8224532883
FAS16_ME_10,484,1697.5322680000004,821605.6177120002,821605.6177120002,0.8216056177120001,0.8216056177120001
PR22_ME_20,514,1598.4545091673156,821605.6177120002,821605.6177120002,0.8216056177120001,0.8216056177120001
PR12_ME_overview05,418,1963.4578202105265,820725.3688480001,820725.3688480001,0.8207253688480001,0.8207253688480001
PR12_ME_05,418,1963.4578202105265,820725.3688480001,820725.3688480001,0.8207253688480001,0.8207253688480001
FAS20_ME_13,428,1907.7667782429908,816524.1810880001,816524.1810880001,0.8165241810880001,0.8165241810880001
FAS4_ME_new_15,446,1820.694118923767,812029.5770400001,812029.5770400001,0.8120295770400001,0.8120295770400001
PR6_ME_37,497,1633.8489178913483,812022.9121920001,812022.9121920001,0.8120229121920001,0.8120229121920001
PR13_ME_05,307,2640.9243997394137,810763.79072,810763.79072,0.81076379072,0.81076379072
PR17_ME_09,521,1555.6328913627638,810484.7363999999,810484.7363999999,0.8104847364,0.8104847364
PR20_ME_20,507,1597.1389881656803,809749.467,809749.467,0.809749467,0.809749467
PR16_ME_18,493,1634.9094000162274,806010.3342080001,806010.3342080001,0.8060103342080001,0.8060103342080001
PR22_ME_12,441,1827.1509428571428,805773.5658,805773.5658,0.8057735658,0.8057735658
PR17_ME_51,457,1753.527241575492,801361.9493999999,801361.9493999999,0.8013619493999999,0.8013619493999999
PR17_ME_16,495,1614.676909090909,799265.07,799265.07,0.7992650699999999,0.7992650699999999
FAS24_ME_23,421,1891.4523610831354,796301.444016,796301.444016,0.796301444016,0.796301444016
PR10_ME_28,431,1845.5643147656615,795438.2196640001,795438.2196640001,0.7954382196640001,0.7954382196640001
PR20_ME_07,504,1577.7655875,795193.8561,795193.8561,0.7951938560999999,0.7951938560999999
FAS6_ME_new_23,523,1509.5646774378583,789502.3263,789502.3263,0.7895023263,0.7895023263
PR17_ME_18,499,1580.3134899799597,788576.4315,788576.4315,0.7885764314999999,0.7885764314999999
FAS19_ME_05,501,1567.5225093013971,785328.7771599999,785328.7771599999,0.7853287771599999,0.7853287771599999
PR14_ME_10,292,2686.6956557808226,784515.1314880002,784515.1314880002,0.7845151314880001,0.7845151314880001
PR6_ME_02,531,1476.7060882561207,784130.9328640001,784130.9328640001,0.784130932864,0.784130932864
FAS23_ME_13,400,1960.2507414374998,784100.2965749999,784100.2965749999,0.7841002965749999,0.7841002965749999
PR6_ME_35,515,1521.4654543533982,783554.7089920001,783554.7089920001,0.7835547089920001,0.7835547089920001
PR6_ME_22,521,1502.6534506871403,782882.4478080001,782882.4478080001,0.7828824478080001,0.7828824478080001
PR6_ME_03,470,1664.1602301276598,782155.3081600001,782155.3081600001,0.7821553081600001,0.7821553081600001
PR13_ME_07,439,1779.8058208291573,781334.7553440001,781334.7553440001,0.7813347553440001,0.7813347553440001
FAS19_ME_12,581,1342.2189345197933,779829.2009559999,779829.2009559999,0.779829200956,0.779829200956
PR22_ME_22,479,1621.168148843424,776539.5432960001,776539.5432960001,0.7765395432960001,0.7765395432960001
PR16_ME_29,402,1931.4595228656717,776446.7281920001,776446.7281920001,0.7764467281920001,0.7764467281920001
PR11_ME_13,423,1833.5004081323877,775570.67264,775570.67264,0.77557067264,0.77557067264
PR17_ME_14,467,1650.0847182012847,770589.5634,770589.5634,0.7705895634,0.7705895634
PR6_ME_47,422,1816.5161715260667,766569.8243840002,766569.8243840002,0.7665698243840001,0.7665698243840001
FAS15_ME_05,472,1624.0654634915256,766558.8987680001,766558.8987680001,0.7665588987680001,0.7665588987680001
PR1_ME_04,432,1772.5095266666667,765724.11552,765724.11552,0.76572411552,0.76572411552
PR17_ME_53,441,1733.2276408163266,764353.3896,764353.3896,0.7643533896,0.7643533896
PR17_ME_31,391,1953.5098764705883,763822.3617,763822.3617,0.7638223617000001,0.7638223617000001
PR10_ME_17,490,1556.1872822204082,762531.768288,762531.768288,0.7625317682880001,0.7625317682880001
FAS16_ME_08,552,1381.115106608696,762375.5388480001,762375.5388480001,0.7623755388480001,0.7623755388480001
PR17_ME_04,467,1629.2115029721629,760841.7718880001,760841.7718880001,0.7608417718880001,0.7608417718880001
PR1_ME_07,391,1939.9423529002559,758517.4599840001,758517.4599840001,0.7585174599840001,0.7585174599840001
PR13_ME_12,522,1445.8377563524905,754727.308816,754727.308816,0.754727308816,0.754727308816
FAS19_ME_15,546,1380.4449454065932,753722.9401919999,753722.9401919999,0.7537229401919999,0.7537229401919999
FAS6_ME_new_33,482,1561.3881311203318,752589.0791999999,752589.0791999999,0.7525890792,0.7525890792
PR17_ME_54,496,1515.64213125,751758.4970999999,751758.4970999999,0.7517584970999999,0.7517584970999999
PR10_ME_16,405,1852.5342432000002,750276.3684960001,750276.3684960001,0.7502763684960001,0.7502763684960001
PR9_ME_15,488,1533.8755389836065,748531.263024,748531.263024,0.748531263024,0.748531263024
PR17_ME_50,481,1555.1511137214136,748027.6856999999,748027.6856999999,0.7480276856999999,0.7480276856999999
FAS20_ME_29,509,1467.5530861139491,746984.5208320001,746984.5208320001,0.7469845208320001,0.7469845208320001
PR11_ME_12,420,1776.0516412952384,745941.6893440001,745941.6893440001,0.7459416893440001,0.7459416893440001
PR22_ME_26,454,1638.2017721585905,743743.6045600001,743743.6045600001,0.7437436045600001,0.7437436045600001
FAS16_ME_17,333,2226.5754434594596,741449.6226720001,741449.6226720001,0.7414496226720001,0.7414496226720001
PR17_ME_36,365,2025.8891580821917,739449.5427,739449.5427,0.7394495427,0.7394495427
PR5_ME_40,462,1590.6142679826842,734863.7918080001,734863.7918080001,0.7348637918080001,0.7348637918080001
PR5_ME_25,392,1873.4625634285717,734397.3248640001,734397.3248640001,0.7343973248640001,0.7343973248640001
PR6_ME_41,430,1706.0502026418608,733601.5871360002,733601.5871360002,0.7336015871360002,0.7336015871360002
FAS4_ME_new_08,446,1637.8621596053813,730486.523184,730486.523184,0.7304865231840001,0.7304865231840001
PR10_ME_14,494,1478.4207702995952,730339.860528,730339.860528,0.730339860528,0.730339860528
FAS4_ME_new_10,376,1937.6400082553196,728552.6431040001,728552.6431040001,0.7285526431040001,0.7285526431040001
FAS6_ME_new_05,444,1636.258398846847,726498.7290880001,726498.7290880001,0.7264987290880002,0.7264987290880002
FAS23_ME_07,378,1921.6250410714283,726374.2655249999,726374.2655249999,0.726374265525,0.726374265525
PR6_ME_31,376,1931.36434706383,726192.9944960001,726192.9944960001,0.7261929944960002,0.7261929944960002
PR12_ME_overview04,464,1563.7754440000003,725591.8060160001,725591.8060160001,0.7255918060160002,0.7255918060160002
PR12_ME_04,464,1563.7754440000003,725591.8060160001,725591.8060160001,0.7255918060160002,0.7255918060160002
PR5_ME_04,377,1921.7652035225467,724505.4817280001,724505.4817280001,0.7245054817280001,0.7245054817280001
FAS23_ME_05,446,1616.2555525224216,720849.976425,720849.976425,0.720849976425,0.720849976425
PR16_ME_22,431,1659.885149846868,715410.4995840001,715410.4995840001,0.715410499584,0.715410499584
FAS6_ME_new_16,483,1480.418544,715042.1567520001,715042.1567520001,0.7150421567520001,0.7150421567520001
PR16_ME_27,415,1716.3820266409639,712298.541056,712298.541056,0.7122985410560001,0.7122985410560001
FAS16_ME_20,349,2037.1375442063038,710961.0029280001,710961.0029280001,0.710961002928,0.710961002928
PR12_ME_09,462,1538.6168160000002,710840.9689920001,710840.9689920001,0.7108409689920001,0.7108409689920001
PR5_ME_18,469,1514.6573075650324,710374.2772480001,710374.2772480001,0.7103742772480002,0.7103742772480002
FAS20_ME_10,395,1796.997498693671,709814.0119840001,709814.0119840001,0.7098140119840001,0.7098140119840001
PR5_ME_43,556,1274.4437538992806,708590.7271680001,708590.7271680001,0.7085907271680001,0.7085907271680001
FAS20_ME_11,492,1439.7837494959351,708373.6047520001,708373.6047520001,0.7083736047520001,0.7083736047520001
PR16_ME_20,329,2152.760562772037,708258.2251520001,708258.2251520001,0.7082582251520001,0.7082582251520001
PR17_ME_13,508,1388.6813799212598,705450.141,705450.141,0.7054501409999999,0.7054501409999999
PR17_ME_07,427,1650.9282091334892,704946.3452999999,704946.3452999999,0.7049463452999999,0.7049463452999999
PR16_ME_05,500,1409.377251328,704688.625664,704688.625664,0.704688625664,0.704688625664
PR1_ME_11,428,1643.6532334205608,703483.583904,703483.583904,0.703483583904,0.703483583904
FAS15_ME_07,502,1400.6934650199205,703148.11944,703148.11944,0.70314811944,0.70314811944
FAS23_ME_23,429,1636.078485839161,701877.670425,701877.670425,0.701877670425,0.701877670425
PR17_ME_11,478,1459.7142853556484,697743.4284,697743.4284,0.6977434283999999,0.6977434283999999
PR20_ME_03,357,1953.4934682352944,697397.1681600001,697397.1681600001,0.6973971681600001,0.6973971681600001
FAS6_ME_new_12,394,1767.7755893197973,696503.5821920001,696503.5821920001,0.6965035821920001,0.6965035821920001
PR17_ME_27,379,1834.796419788918,695387.8430999999,695387.8430999999,0.6953878430999999,0.6953878430999999
PR6_ME_30,455,1524.7167091340661,693746.1026560001,693746.1026560001,0.693746102656,0.693746102656
PR20_ME_22,479,1445.97865302714,692623.7748,692623.7748,0.6926237748,0.6926237748
PR13_ME_14,449,1540.8340808908688,691834.5023200001,691834.5023200001,0.6918345023200001,0.6918345023200001
PR10_ME_20,383,1798.3326386631854,688761.400608,688761.400608,0.688761400608,0.688761400608
FAS16_ME_07,505,1363.2897197623765,688461.3084800001,688461.3084800001,0.6884613084800001,0.6884613084800001
PR10_ME_29,345,1988.929459988406,686180.6636960001,686180.6636960001,0.6861806636960002,0.6861806636960002
PR12_ME_08,494,1387.9767543319838,685660.51664,685660.51664,0.68566051664,0.68566051664
PR17_ME_37,384,1775.6954578124999,681867.0558,681867.0558,0.6818670558,0.6818670558
PR16_ME_07,345,1973.9011576579712,680995.899392,680995.899392,0.680995899392,0.680995899392
PR22_ME_05,525,1294.0482085714286,679375.3095,679375.3095,0.6793753095,0.6793753095
PR16_ME_06,470,1443.8641838297872,678616.1664,678616.1664,0.6786161664,0.6786161664
PR10_ME_19,408,1662.9958228235294,678502.295712,678502.295712,0.6785022957119999,0.6785022957119999
PR22_ME_11,431,1573.1593808631092,678031.6931520001,678031.6931520001,0.6780316931520001,0.6780316931520001
PR9_ME_14,477,1421.2171779622643,677920.593888,677920.593888,0.677920593888,0.677920593888
FAS6_ME_new_28,439,1542.0931113895217,676978.8759,676978.8759,0.6769788758999999,0.6769788758999999
PR5_ME_41,512,1321.9064385000001,676816.0965120001,676816.0965120001,0.676816096512,0.676816096512
FAS20_ME_12,463,1460.7153493218145,676311.2067360001,676311.2067360001,0.6763112067360001,0.6763112067360001
PR17_ME_15,475,1420.8901995789472,674922.8448,674922.8448,0.6749228448,0.6749228448
FAS23_ME_09,391,1722.7279133631712,673586.614125,673586.614125,0.673586614125,0.673586614125
PR17_ME_30,352,1911.4845842812501,672842.573667,672842.573667,0.6728425736670001,0.6728425736670001
FAS16_ME_11,402,1672.7780688557216,672456.7836800001,672456.7836800001,0.6724567836800001,0.6724567836800001
PR9_ME_16,487,1378.3520819383984,671257.463904,671257.463904,0.671257463904,0.671257463904
PR6_ME_36,499,1345.1547350701405,671232.2128000001,671232.2128000001,0.6712322128000001,0.6712322128000001
PR1_ME_06,337,1989.0622191097925,670313.96784,670313.96784,0.6703139678400001,0.6703139678400001
FAS15_ME_15,489,1362.4452755173825,666235.739728,666235.739728,0.666235739728,0.666235739728
PR20_ME_17,354,1870.7521347457628,662246.2557,662246.2557,0.6622462557,0.6622462557
PR17_ME_10,390,1697.7181915384615,662110.0947,662110.0947,0.6621100947,0.6621100947
PR21_ME_06,345,1916.831144347826,661306.7448,661306.7448,0.6613067448,0.6613067448
PR16_ME_23,389,1695.842946303342,659682.906112,659682.906112,0.659682906112,0.659682906112
FAS6_ME_new_31,432,1525.53901875,659032.8561,659032.8561,0.6590328561,0.6590328561
FAS19_ME_27,375,1754.4635006000003,657923.8127250001,657923.8127250001,0.6579238127250001,0.6579238127250001
PR22_ME_13,488,1342.608844057377,655193.1159,655193.1159,0.6551931159,0.6551931159
PR1_ME_20,359,1822.787211409471,654380.6088960001,654380.6088960001,0.654380608896,0.654380608896
PR9_ME_22,380,1722.0391855578948,654374.8905120001,654374.8905120001,0.654374890512,0.654374890512
PR22_ME_19,432,1513.7304310740742,653931.546224,653931.546224,0.6539315462240001,0.6539315462240001
FAS24_ME_21,471,1387.2431479830148,653391.5227,653391.5227,0.6533915227,0.6533915227
PR6_ME_01,386,1686.2332183212438,650886.0222720001,650886.0222720001,0.6508860222720001,0.6508860222720001
PR13_ME_20,412,1576.7564602718448,649623.6616320001,649623.6616320001,0.6496236616320001,0.6496236616320001
FAS4_ME_new_03,441,1472.6158845170069,649423.6050720001,649423.6050720001,0.649423605072,0.649423605072
PR16_ME_28,380,1707.2760535578948,648764.900352,648764.900352,0.6487649003520001,0.6487649003520001
PR11_ME_06,493,1313.115266855984,647365.8265600001,647365.8265600001,0.6473658265600001,0.6473658265600001
PR20_ME_11,399,1622.4658105263159,647363.8584,647363.8584,0.6473638584,0.6473638584
PR11_ME_26,422,1533.1127082464457,646973.5628800001,646973.5628800001,0.6469735628800001,0.6469735628800001
PR6_ME_45,390,1657.8221118358977,646550.623616,646550.623616,0.646550623616,0.646550623616
FAS23_ME_18,365,1769.4236071232876,645839.6166,645839.6166,0.6458396166,0.6458396166
FAS19_ME_14,465,1387.5804414000002,645224.9052510001,645224.9052510001,0.6452249052510001,0.6452249052510001
PR5_ME_16,330,1954.4632356848488,644972.867776,644972.867776,0.644972867776,0.644972867776
PR6_ME_17,398,1616.1225048442213,643216.7569280001,643216.7569280001,0.6432167569280002,0.6432167569280002
PR20_ME_10,400,1606.6657597499998,642666.3038999999,642666.3038999999,0.6426663038999999,0.6426663038999999
PR17_ME_33,333,1928.9066108108107,642325.9014,642325.9014,0.6423259014,0.6423259014
PR6_ME_34,429,1490.3532513566436,639361.544832,639361.544832,0.639361544832,0.639361544832
PR5_ME_37,375,1699.6957870080003,637385.9201280001,637385.9201280001,0.6373859201280001,0.6373859201280001
PR20_ME_09,419,1520.8761243436754,637247.0961,637247.0961,0.6372470961,0.6372470961
FAS20_ME_09,334,1906.4471744670661,636753.3562720001,636753.3562720001,0.6367533562720001,0.6367533562720001
PR16_ME_10,364,1743.597688967033,634669.558784,634669.558784,0.634669558784,0.634669558784
FAS4_ME_new_09,391,1622.794687468031,634512.7228000001,634512.7228000001,0.6345127228000002,0.6345127228000002
FAS23_ME_21,494,1278.958887145749,631805.69025,631805.69025,0.63180569025,0.63180569025
FAS6_ME_new_34,496,1272.9680909274193,631392.1731,631392.1731,0.6313921731000001,0.6313921731000001
FAS16_ME_13,364,1726.2389581098905,628350.9807520001,628350.9807520001,0.6283509807520001,0.6283509807520001
FAS20_ME_07,341,1842.0065981935488,628124.2499840001,628124.2499840001,0.6281242499840001,0.6281242499840001
PR12_ME_10,454,1382.8579220088109,627817.4965920001,627817.4965920001,0.6278174965920001,0.6278174965920001
PR6_ME_09,366,1709.6290888743172,625724.2465280001,625724.2465280001,0.6257242465280001,0.6257242465280001
PR5_ME_34,305,2043.0703601901637,623136.4598579999,623136.4598579999,0.6231364598579999,0.6231364598579999
PR10_ME_09,395,1574.9794437265823,622116.880272,622116.880272,0.622116880272,0.622116880272
FAS6_ME_new_11,329,1881.3424302006083,618961.6595360001,618961.6595360001,0.6189616595360001,0.6189616595360001
FAS24_ME_29,477,1295.2787658993714,617847.9713340001,617847.9713340001,0.6178479713340002,0.6178479713340002
PR9_ME_12,392,1570.0013515102044,615440.5297920001,615440.5297920001,0.615440529792,0.615440529792
PR1_ME_overview36,427,1439.845012159251,614813.8201920001,614813.8201920001,0.6148138201920001,0.6148138201920001
FAS23_ME_22,445,1373.0156282022472,610991.95455,610991.95455,0.61099195455,0.61099195455
PR6_ME_44,418,1459.366713416268,610015.286208,610015.286208,0.610015286208,0.610015286208
PR17_ME_32,352,1730.3664809659092,609089.0013,609089.0013,0.6090890013,0.6090890013
FAS15_ME_12,404,1506.5478696237626,608645.3393280001,608645.3393280001,0.6086453393280001,0.6086453393280001
PR6_ME_57,316,1918.2714991392409,606173.7937280001,606173.7937280001,0.6061737937280002,0.6061737937280002
PR17_ME_20,311,1933.5737633440513,601341.4404,601341.4404,0.6013414403999999,0.6013414403999999
FAS23_ME_19,376,1597.8943890957446,600808.2903,600808.2903,0.6008082903,0.6008082903
FAS19_ME_24,410,1464.8660400609756,600595.076425,600595.076425,0.600595076425,0.600595076425
PR6_ME_23,373,1608.284744235925,599890.2096000001,599890.2096000001,0.5998902096000001,0.5998902096000001
PR14_ME_12,391,1531.2236303631714,598708.439472,598708.439472,0.598708439472,0.598708439472
PR22_ME_04,357,1675.6575277310924,598209.7374,598209.7374,0.5982097373999999,0.5982097373999999
PR6_ME_25,408,1463.9973573333334,597310.9217920001,597310.9217920001,0.5973109217920001,0.5973109217920001
PR22_ME_09,431,1381.323332714617,595350.3563999999,595350.3563999999,0.5953503563999999,0.5953503563999999
PR24_ME_05,342,1738.6201977543863,594608.1076320001,594608.1076320001,0.5946081076320001,0.5946081076320001
PR1_ME_overview31,345,1713.5279269565222,591167.1348000001,591167.1348000001,0.5911671348000002,0.5911671348000002
PR10_ME_07,372,1585.4288899354838,589779.547056,589779.547056,0.589779547056,0.589779547056
FAS24_ME_24,411,1421.4230696131388,584204.881611,584204.881611,0.584204881611,0.584204881611
PR16_ME_26,346,1683.786177849711,582590.017536,582590.017536,0.582590017536,0.582590017536
PR5_ME_08,341,1708.0318417829917,582438.8580480001,582438.8580480001,0.5824388580480001,0.5824388580480001
PR13_ME_10,390,1491.4611781333335,581669.859472,581669.859472,0.581669859472,0.581669859472
PR20_ME_08,335,1734.975655522388,581216.8446,581216.8446,0.5812168446,0.5812168446
PR17_ME_03,336,1727.9488432380954,580590.811328,580590.811328,0.5805908113280001,0.5805908113280001
PR1_ME_21,296,1948.6617567567569,576803.88,576803.88,0.57680388,0.57680388
PR10_ME_13,345,1671.4922174608696,576664.815024,576664.815024,0.576664815024,0.576664815024
PR1_ME_overview27,373,1545.1374668954427,576336.2751520001,576336.2751520001,0.5763362751520001,0.5763362751520001
PR14_ME_04,300,1917.3420710400003,575202.6213120001,575202.6213120001,0.5752026213120001,0.5752026213120001
FAS15_ME_10,369,1556.2087766720867,574241.038592,574241.038592,0.574241038592,0.574241038592
PR17_ME_08,376,1526.8862776595745,574109.2404,574109.2404,0.5741092404,0.5741092404
FAS23_ME_03,235,2438.677417978723,573089.1932249999,573089.1932249999,0.573089193225,0.573089193225
PR10_ME_06,423,1353.7412854468087,572632.563744,572632.563744,0.5726325637440001,0.5726325637440001
FAS23_ME_11,349,1638.2520676934098,571749.971625,571749.971625,0.571749971625,0.571749971625
PR24_ME_06,360,1585.8187131111113,570894.73672,570894.73672,0.57089473672,0.57089473672
PR9_ME_19,339,1679.9779548318586,569512.5266880001,569512.5266880001,0.5695125266880001,0.5695125266880001
PR17_ME_47,399,1425.9708135338344,568962.3546,568962.3546,0.5689623546,0.5689623546
PR17_ME_44,344,1647.468936627907,566729.3142,566729.3142,0.5667293142000001,0.5667293142000001
PR11_ME_11,279,2018.0724402007168,563042.210816,563042.210816,0.563042210816,0.563042210816
FAS23_ME_10,357,1571.4127399159663,560994.34815,560994.34815,0.5609943481499999,0.5609943481499999
FAS20_ME_16,383,1463.8777492219322,560665.177952,560665.177952,0.5606651779520001,0.5606651779520001
FAS24_ME_15,390,1437.0175160717947,560436.831268,560436.831268,0.5604368312679999,0.5604368312679999
PR6_ME_18,357,1569.4164655686275,560281.678208,560281.678208,0.560281678208,0.560281678208
PR6_ME_33,250,2239.644994304,559911.2485760001,559911.2485760001,0.559911248576,0.559911248576
PR20_ME_04,400,1398.4953826800004,559398.1530720001,559398.1530720001,0.5593981530720001,0.5593981530720001
PR6_ME_16,325,1718.9623492923079,558662.76352,558662.76352,0.55866276352,0.55866276352
PR5_ME_28,326,1712.4690020122703,558264.8946560001,558264.8946560001,0.558264894656,0.558264894656
PR20_ME_23,338,1650.368002366864,557824.3848,557824.3848,0.5578243848,0.5578243848
FAS16_ME_18,314,1767.4636039745224,554983.571648,554983.571648,0.554983571648,0.554983571648
FAS6_ME_new_21,480,1152.461030625,553181.2947,553181.2947,0.5531812947,0.5531812947
FAS20_ME_28,383,1443.471631874674,552849.6350080001,552849.6350080001,0.5528496350080001,0.5528496350080001
FAS24_ME_12,422,1308.0040577654029,551977.712377,551977.712377,0.551977712377,0.551977712377
PR24_ME_07,238,2312.418472941177,550355.5965600001,550355.5965600001,0.5503555965600001,0.5503555965600001
FAS23_ME_25,288,1906.4156765555554,549047.714848,549047.714848,0.549047714848,0.549047714848
PR16_ME_11,351,1561.6415697321938,548136.190976,548136.190976,0.5481361909760001,0.5481361909760001
PR1_ME_overview37,355,1543.0090095323947,547768.1983840001,547768.1983840001,0.5477681983840001,0.5477681983840001
PR1_ME_overview30,263,2075.3142361064643,545807.6440960001,545807.6440960001,0.5458076440960001,0.5458076440960001
FAS4_ME_new_12,256,2131.6443252500003,545700.9472640001,545700.9472640001,0.5457009472640001,0.5457009472640001
FAS4_ME_new_04,340,1602.1392313882357,544727.3386720001,544727.3386720001,0.5447273386720001,0.5447273386720001
PR20_ME_16,331,1645.3678785498491,544616.7678,544616.7678,0.5446167678,0.5446167678
PR6_ME_04,393,1381.4571103104329,542912.6443520001,542912.6443520001,0.542912644352,0.542912644352
PR20_ME_26,425,1269.7253534117647,539633.2752,539633.2752,0.5396332752,0.5396332752
PR10_ME_04,302,1783.7163245562917,538682.3300160001,538682.3300160001,0.5386823300160001,0.5386823300160001
PR16_ME_03,376,1432.0058580425532,538434.202624,538434.202624,0.538434202624,0.538434202624
PR11_ME_16,339,1586.8357973333334,537937.335296,537937.335296,0.537937335296,0.537937335296
PR9_ME_18,338,1588.6498980355032,536963.665536,536963.665536,0.5369636655360001,0.5369636655360001
PR17_ME_45,341,1573.3583234604102,536515.1882999999,536515.1882999999,0.5365151882999999,0.5365151882999999
PR14_ME_05,290,1842.635892634483,534364.4088640001,534364.4088640001,0.5343644088640002,0.5343644088640002
PR13_ME_06,328,1607.350337719512,527210.910772,527210.910772,0.527210910772,0.527210910772
PR17_ME_41,312,1683.9886240384612,525404.4506999999,525404.4506999999,0.5254044507,0.5254044507
PR22_ME_03,293,1790.9121563139931,524737.2618,524737.2618,0.5247372618,0.5247372618
PR21_ME_09,358,1464.3773245810055,524247.08219999995,524247.08219999995,0.5242470821999999,0.5242470821999999
PR6_ME_42,285,1839.3913240701756,524226.52736000007,524226.52736000007,0.5242265273600001,0.5242265273600001
PR6_ME_24,370,1411.6743263135138,522319.5007360001,522319.50073600013,0.5223195007360001,0.5223195007360001
FAS19_ME_28,377,1385.0512324933688,522164.31465,522164.3146500001,0.5221643146500001,0.52216431465
PR1_ME_overview34,376,1385.2497939148939,520853.9225120001,520853.9225120001,0.520853922512,0.520853922512
FAS19_ME_10,340,1531.4119740235292,520680.07116799994,520680.07116799994,0.520680071168,0.520680071168
PR22_ME_25,328,1582.073300097561,518920.04243200005,518920.04243200005,0.5189200424320001,0.5189200424320001
PR13_ME_09,311,1651.613659524116,513651.84811200004,513651.8481120001,0.513651848112,0.513651848112
FAS15_ME_14,372,1369.3888424946238,509412.64940800006,509412.64940800006,0.509412649408,0.509412649408
PR11_ME_19,349,1456.770646555874,508412.95564800006,508412.955648,0.508412955648,0.508412955648
PR6_ME_46,331,1530.3796433595169,506555.66195200005,506555.6619520001,0.5065556619520001,0.5065556619520001
PR16_ME_21,322,1559.2684315031056,502084.43494400004,502084.434944,0.502084434944,0.502084434944
PR11_ME_21,289,1736.2757766643601,501783.69945600006,501783.69945600006,0.5017836994560001,0.5017836994560001
FAS20_ME_14,314,1580.616723414013,496313.65115200006,496313.65115200006,0.49631365115200005,0.49631365115200005
PR5_ME_07,272,1823.2966145882356,495936.67916800006,495936.67916800006,0.49593667916800005,0.49593667916800005
PR16_ME_13,321,1543.637011140187,495507.48057600006,495507.48057600006,0.4955074805760001,0.4955074805760001
PR16_ME_25,291,1699.7194143230242,494618.34956800006,494618.34956800006,0.49461834956800005,0.49461834956800005
FAS16_ME_14,287,1723.2281899930315,494566.49052800005,494566.49052800005,0.49456649052800006,0.49456649052800006
PR9_ME_03,299,1649.422684896321,493177.382784,493177.38278399996,0.493177382784,0.49317738278400003
PR22_ME_08,341,1441.8121459061583,491657.94175399997,491657.94175399997,0.49165794175399996,0.49165794175399996
FAS15_ME_08,328,1495.7346691676828,490600.97148699994,490600.97148699994,0.49060097148699994,0.49060097148699994
FAS19_ME_29,331,1481.8463084592147,490491.12810000003,490491.1281000001,0.49049112810000006,0.4904911281
PR6_ME_38,319,1534.7046311724139,489570.77734400006,489570.777344,0.489570777344,0.48957077734400006
PR5_ME_46,365,1338.3579377972605,488500.6472960001,488500.6472960001,0.4885006472960001,0.4885006472960001
PR6_ME_26,329,1484.137183708207,488281.13344000006,488281.1334400001,0.4882811334400001,0.48828113344000007
FAS4_ME_new_01,265,1841.8288980528305,488084.65798400005,488084.65798400005,0.488084657984,0.488084657984
PR17_ME_42,270,1804.78884,487292.98679999996,487292.98679999996,0.48729298679999994,0.48729298679999994
PR9_ME_21,349,1392.4705228194844,485972.21246400004,485972.21246400004,0.485972212464,0.485972212464
PR17_ME_40,298,1630.304320161074,485830.68740800006,485830.68740800006,0.48583068740800006,0.48583068740800006
FAS20_ME_19,329,1474.0540293252282,484963.77564800007,484963.77564800007,0.4849637756480001,0.4849637756480001
PR16_ME_17,329,1470.4125261033437,483765.72108800005,483765.72108800005,0.48376572108800003,0.48376572108800003
FAS6_ME_new_08,353,1368.734466311615,483163.2666080001,483163.2666080001,0.4831632666080001,0.4831632666080001
PR1_ME_15,284,1698.2023761126761,482289.47481600003,482289.47481600003,0.48228947481600004,0.48228947481600004
PR9_ME_13,280,1721.5446594857142,482032.504656,482032.50465599995,0.48203250465599995,0.482032504656
PR1_ME_13,302,1589.974388344371,480172.26528,480172.26528000005,0.48017226528000007,0.48017226528
PR6_ME_40,271,1771.1467371217716,479980.7657600001,479980.7657600001,0.4799807657600001,0.4799807657600001
PR5_ME_12,274,1746.6973888467155,478595.08454400004,478595.08454400004,0.478595084544,0.478595084544
PR5_ME_19,284,1663.5517485070425,472448.6965760001,472448.6965760001,0.4724486965760001,0.4724486965760001
PR11_ME_22,273,1717.6263848791211,468912.00307200005,468912.00307200005,0.46891200307200004,0.46891200307200004
PR11_ME_17,316,1483.6090977215192,468820.47488000005,468820.47488000005,0.46882047488000006,0.46882047488000006
PR22_ME_10,345,1351.3091243478261,466201.6479,466201.64790000004,0.4662016479,0.46620164789999996
FAS15_ME_13,356,1306.495341033708,465112.34140800004,465112.34140800004,0.46511234140800006,0.46511234140800006
PR5_ME_30,318,1455.3578821635222,462803.80652800004,462803.80652800004,0.4628038065280001,0.4628038065280001
PR11_ME_25,273,1687.2127784322347,460609.08851200005,460609.08851200005,0.46060908851200005,0.46060908851200005
PR20_ME_14,277,1658.018241877256,459271.05299999996,459271.05299999996,0.45927105299999993,0.45927105299999993
PR6_ME_52,299,1535.4957519197328,459113.2298240001,459113.2298240001,0.4591132298240001,0.4591132298240001
FAS6_ME_new_14,417,1100.7222921582734,459001.19583,459001.19583,0.45900119583,0.45900119583
PR20_ME_06,298,1539.2718720536914,458703.01787200005,458703.01787200005,0.4587030178720001,0.4587030178720001
PR16_ME_30,257,1782.3830741167317,458072.450048,458072.450048,0.458072450048,0.458072450048
PR14_ME_07,251,1821.8165248764942,457275.94774400006,457275.94774400006,0.45727594774400004,0.45727594774400004
PR14_ME_13,265,1724.1242657207547,456892.930416,456892.930416,0.45689293041600004,0.45689293041600004
PR11_ME_09,331,1378.137261244713,456163.433472,456163.433472,0.456163433472,0.456163433472
PR9_ME_11,368,1230.1887079565217,452709.444528,452709.444528,0.45270944452800005,0.45270944452800005
PR11_ME_15,333,1354.1539071231232,450933.251072,450933.251072,0.450933251072,0.450933251072
FAS19_ME_09,325,1386.80310896,450711.01041199995,450711.01041199995,0.45071101041199996,0.45071101041199996
PR5_ME_45,395,1135.6368727493673,448576.5647360001,448576.5647360001,0.4485765647360001,0.4485765647360001
PR5_ME_31,295,1518.924266305085,448082.65856000007,448082.65856000007,0.44808265856000007,0.44808265856000007
PR10_ME_11,358,1251.2202387486034,447936.845472,447936.845472,0.447936845472,0.447936845472
FAS19_ME_25,310,1439.9778497580646,446393.133425,446393.133425,0.44639313342500003,0.44639313342500003
PR11_ME_10,276,1613.681819826087,445376.182272,445376.182272,0.445376182272,0.445376182272
PR16_ME_16,266,1650.1618718796994,438943.05792000005,438943.05792000005,0.43894305792000005,0.43894305792000005
FAS16_ME_15,235,1864.07311012766,438057.18088000006,438057.18088000006,0.43805718088000006,0.43805718088000006
FAS15_ME_11,348,1253.334443310345,436160.38627200003,436160.3862720001,0.4361603862720001,0.43616038627200004
PR11_ME_20,250,1741.023117312,435255.77932800003,435255.77932800003,0.435255779328,0.435255779328
PR3_ME_04,301,1439.8449198671096,433393.32088,433393.32088,0.43339332088,0.43339332088
PR1_ME_overview33,316,1365.829185265823,431602.02254400006,431602.02254400006,0.43160202254400004,0.43160202254400004
PR6_ME_39,289,1488.2697633217995,430109.96160000004,430109.96160000004,0.43010996160000003,0.43010996160000003
PR1_ME_16,276,1544.1428337391305,426183.422112,426183.422112,0.426183422112,0.426183422112
PR6_ME_28,274,1549.0648182189784,424443.7601920001,424443.7601920001,0.4244437601920001,0.4244437601920001
FAS4_ME_new_02,270,1570.9626611555557,424159.91851200006,424159.91851200006,0.4241599185120001,0.4241599185120001
PR11_ME_03,266,1586.3575790676693,421971.11603200005,421971.11603200005,0.42197111603200005,0.42197111603200005
PR20_ME_05,252,1672.959751746032,421585.85744000005,421585.85744000005,0.42158585744000004,0.42158585744000004
PR9_ME_20,278,1512.2725640287772,420411.77280000004,420411.77280000004,0.4204117728,0.4204117728
PR10_ME_03,253,1658.780336063241,419671.425024,419671.425024,0.419671425024,0.419671425024
PR1_ME_08,202,2061.443989069307,416411.68579200003,416411.68579200003,0.41641168579200005,0.41641168579200005
PR5_ME_09,233,1771.9502329957086,412864.4042880001,412864.4042880001,0.4128644042880001,0.4128644042880001
PR5_ME_29,272,1514.756573882353,412013.78809600003,412013.78809600003,0.41201378809600003,0.41201378809600003
PR1_ME_overview28,206,1994.609223456311,410889.50003200007,410889.50003200007,0.4108895000320001,0.4108895000320001
PR11_ME_07,257,1597.8512495564205,410647.77113600005,410647.77113600005,0.41064777113600004,0.41064777113600004
PR14_ME_08,223,1839.0849686098657,410115.94800000003,410115.94800000003,0.410115948,0.410115948
FAS20_ME_18,257,1593.8617710194553,409622.475152,409622.475152,0.409622475152,0.409622475152
FAS6_ME_new_15,367,1113.1212411989102,408515.49552000005,408515.49552000005,0.40851549552000005,0.40851549552000005
PR17_ME_43,259,1574.1578467181466,407706.8823,407706.8823,0.4077068823,0.4077068823
FAS6_ME_new_32,324,1252.8492999999999,405923.17319999996,405923.17319999996,0.4059231732,0.4059231732
PR3_ME_03,258,1571.9873157209304,405572.72745600005,405572.72745600005,0.40557272745600004,0.40557272745600004
PR1_ME_overview32,258,1566.8512489922482,404247.62224000006,404247.62224000006,0.40424762224000005,0.40424762224000005
FAS19_ME_16,240,1669.4425210499999,400666.20505199995,400666.20505199995,0.40066620505199996,0.40066620505199996
FAS19_ME_13,273,1463.8186441758241,399622.48986,399622.48986,0.39962248986,0.39962248986
PR11_ME_08,321,1217.5652812959502,390838.455296,390838.455296,0.390838455296,0.390838455296
PR17_ME_48,246,1581.0974144390248,388949.9639520001,388949.9639520001,0.3889499639520001,0.3889499639520001
PR17_ME_06,156,2463.8158384615385,384355.2708,384355.2708,0.3843552708,0.3843552708
PR17_ME_05,156,2463.8158384615385,384355.2708,384355.2708,0.3843552708,0.3843552708
FAS16_ME_16,215,1775.0754928372096,381641.2309600001,381641.2309600001,0.3816412309600001,0.3816412309600001
PR16_ME_31,221,1712.6480761628961,378495.22483200004,378495.22483200004,0.37849522483200004,0.37849522483200004
PR11_ME_18,203,1860.6438299113302,377710.697472,377710.697472,0.37771069747200003,0.37771069747200003
PR17_ME_49,276,1340.347177173913,369935.8209,369935.8209,0.3699358209,0.3699358209
PR5_ME_47,280,1305.176469257143,365449.41139200004,365449.41139200004,0.36544941139200005,0.36544941139200005
PR5_ME_35,204,1780.14271325,363149.113503,363149.113503,0.363149113503,0.363149113503
PR6_ME_27,179,1991.260467486034,356435.6236800001,356435.6236800001,0.3564356236800001,0.3564356236800001
PR5_ME_17,296,1203.0156529729732,356092.63328000007,356092.63328000007,0.35609263328000007,0.35609263328000007
PR17_ME_46,249,1429.1983518072288,355870.3896,355870.3896,0.3558703896,0.3558703896
PR1_ME_22,255,1374.4830635294118,350493.1812,350493.1812,0.3504931812,0.3504931812
PR9_ME_17,240,1441.860345,346046.4828,346046.4828,0.3460464828,0.3460464828
PR1_ME_17,203,1699.4236830738919,344983.00766400003,344983.00766400003,0.34498300766400003,0.34498300766400003
PR10_ME_12,269,1280.1765048624536,344367.47980800003,344367.47980800003,0.34436747980800003,0.34436747980800003
PR11_ME_24,238,1415.610398117647,336915.274752,336915.274752,0.336915274752,0.336915274752
PR6_ME_29,215,1563.9724118325582,336254.06854400004,336254.06854400004,0.33625406854400003,0.33625406854400003
PR11_ME_05,239,1399.4020461255232,334457.08902400004,334457.08902400004,0.33445708902400006,0.33445708902400006
PR1_ME_23,262,1260.9911855267176,330379.69060800003,330379.690608,0.330379690608,0.33037969060800004
PR10_ME_05,180,1824.7956840000002,328463.22312000004,328463.22312000004,0.32846322312000004,0.32846322312000004
PR11_ME_04,207,1581.7511772753624,327422.493696,327422.493696,0.327422493696,0.327422493696
PR9_ME_10,264,1235.4653667272728,326162.856816,326162.856816,0.326162856816,0.326162856816
PR1_ME_12,191,1613.4876135706809,308176.134192,308176.134192,0.308176134192,0.308176134192
PR9_ME_04,213,1444.1995348732396,307614.500928,307614.500928,0.307614500928,0.307614500928
PR5_ME_13,147,2043.1028153469392,300336.11385600007,300336.11385600007,0.30033611385600006,0.30033611385600006
PR1_ME_19,172,1652.0578434418603,284153.949072,284153.949072,0.284153949072,0.284153949072
PR10_ME_08,185,1530.3617396756758,283116.92184,283116.92184,0.28311692184000004,0.28311692184000004
PR10_ME_10,212,1329.470538792453,281847.75422400003,281847.75422400003,0.28184775422400005,0.28184775422400005
PR5_ME_10,158,1774.0852816202535,280305.47449600004,280305.47449600004,0.280305474496,0.280305474496
PR1_ME_overview29,193,1388.0953784870467,267902.408048,267902.408048,0.26790240804800003,0.26790240804800003
PR1_ME_18,159,1673.9475975849057,266157.668016,266157.668016,0.266157668016,0.266157668016
PR24_ME_03,206,1275.7004719223303,262794.29721600004,262794.29721600004,0.26279429721600006,0.26279429721600006
PR24_ME_04,156,1680.38960974359,262140.77912000005,262140.77912000002,0.26214077912,0.26214077912000006
PR5_ME_11,166,1556.349933108434,258354.08889600003,258354.08889600006,0.25835408889600003,0.25835408889600003
PR3_ME_05,200,1286.61725296,257323.450592,257323.450592,0.257323450592,0.257323450592
PR5_ME_06,152,1642.7434947368424,249697.01120000004,249697.01120000004,0.24969701120000004,0.24969701120000004
PR1_ME_14,143,1716.8872380419582,245514.87504,245514.87504,0.24551487504000002,0.24551487504000002
PR5_ME_01,149,1636.5909310067116,243852.04872000002,243852.04872000002,0.24385204872000002,0.24385204872000002
PR9_ME_07,109,2083.865520880734,227141.34177600002,227141.34177600002,0.227141341776,0.227141341776
FAS4_ME_new_11,133,1526.7474315789475,203057.40840000001,203057.40840000001,0.20305740840000003,0.20305740840000003
PR9_ME_08,89,1641.1240427865168,146060.039808,146060.039808,0.146060039808,0.146060039808
PR3_ME_06,61,1660.7308401311475,101304.581248,101304.581248,0.101304581248,0.101304581248
