stub,total_fenestration_area_nm2,total_fenestration_area_um2,covered_area_nm2,covered_area_um2,porosity_fraction,porosity_percent
FAS20_ME_05,2900900.1426240006,2.9009001426240006,4209416.753168001,4.209416753168001,0.6891453882395435,68.91453882395436
PR1_ME_10,1513506.237408,1.513506237408,3526226.054064,3.526226054064,0.42921418372020526,42.921418372020526
FAS6_ME_new_26,2103632.9856,2.1036329855999996,5198994.6147,5.1989946147,0.40462303608702366,40.46230360870236
FAS23_ME_16,1629972.18945,1.6299721894499999,4251470.5709999995,4.251470571,0.38339020868880436,38.33902086888044
FAS24_ME_06,1805244.3664320004,1.8052443664320004,5382487.422,5.3824874220000005,0.33539221272554615,33.53922127255461
FAS16_ME_20,710961.0029280001,0.710961002928,2136163.936368,2.1361639363680003,0.3328213676974658,33.28213676974658
PR5_ME_36,1142048.2750720002,1.1420482750720002,3480954.6911360007,3.4809546911360005,0.32808478604451347,32.808478604451345
FAS6_ME_new_38,1408422.1517999996,1.4084221517999997,4330273.8186,4.3302738186,0.3252501367812694,32.52501367812694
FAS20_ME_06,1897563.1458080004,1.8975631458080005,5834369.4932160005,5.834369493216,0.3252387679618886,32.52387679618886
PR21_ME_03,1971250.6454080006,1.9712506454080005,6202353.529680001,6.202353529680001,0.31782300637572714,31.782300637572714
FAS24_ME_05,1926275.3623220003,1.9262753623220004,6207614.908751001,6.207614908751001,0.3103084502884499,31.03084502884499
FAS24_ME_13,2136216.392541,2.1362163925410003,6923550.897790001,6.923550897790001,0.3085434662180184,30.85434662180184
PR21_ME_04,1305515.7621440003,1.3055157621440003,4258563.981408001,4.258563981408001,0.30656243932076843,30.656243932076844
FAS6_ME_new_07,1777502.5356000003,1.7775025356000003,6002457.014928001,6.002457014928001,0.29612915697345005,29.612915697345006
PR13_ME_04,1132125.0403840002,1.1321250403840002,3839814.3888000003,3.8398143888000003,0.29483848065317714,29.483848065317712
FAS6_ME_new_04,1497890.15024,1.4978901502400002,5103696.250576001,5.103696250576001,0.29349124177814245,29.349124177814247
PR21_ME_05,1005961.3182630002,1.0059613182630003,3502544.1954030003,3.5025441954030003,0.2872087437421343,28.72087437421343
PR1_ME_overview28,410889.50003200007,0.4108895000320001,1436286.0668640002,1.436286066864,0.2860777595156513,28.607775951565127
FAS4_ME_new_13,1464974.1775680005,1.4649741775680005,5192054.564576001,5.192054564576001,0.2821569302378152,28.21569302378152
PR5_ME_38,857352.5234560001,0.8573525234560001,3043641.9311360004,3.0436419311360003,0.28168639506684817,28.168639506684816
FAS16_ME_04,1159994.6204000001,1.1599946204000002,4132021.5386560005,4.132021538656001,0.2807329559025738,28.07329559025738
PR13_ME_08,1137918.1575840001,1.137918157584,4129265.78584,4.12926578584,0.2755739680129401,27.55739680129401
PR3_ME_06,101304.581248,0.101304581248,367978.804544,0.367978804544,0.2753000444510298,27.53000444510298
FAS20_ME_26,1622316.3200639999,1.6223163200639998,5993886.029436,5.993886029436,0.2706618564478533,27.066185644785328
FAS6_ME_new_03,1610615.3532480001,1.610615353248,6003857.410848001,6.003857410848001,0.2682634251669399,26.82634251669399
PR13_ME_05,810763.79072,0.81076379072,3055208.226096,3.055208226096,0.2653710420765686,26.53710420765686
FAS23_ME_20,1292530.196925,1.292530196925,4987986.6501,4.9879866501,0.25912863998926045,25.912863998926046
FAS23_ME_07,726374.2655249999,0.726374265525,2859266.01645,2.85926601645,0.25404221270284244,25.404221270284243
PR5_ME_03,1700601.2816640001,1.7006012816640002,6804531.667136001,6.804531667136001,0.24992187043194056,24.992187043194054
PR5_ME_02,1434687.6843520002,1.4346876843520002,5767795.164480001,5.767795164480001,0.24874109489658783,24.87410948965878
FAS20_ME_25,1637783.0340960003,1.6377830340960002,6591543.561504001,6.591543561504001,0.2484673003848442,24.84673003848442
FAS24_ME_14,1162268.4316590002,1.1622684316590002,4679657.868869,4.6796578688690005,0.24836611227305433,24.836611227305433
PR17_ME_23,1536930.9035999998,1.5369309035999998,6198920.1504,6.198920150399999,0.2479352639347719,24.79352639347719
FAS24_ME_27,1505298.796544,1.5052987965440001,6185187.555328,6.1851875553280005,0.24337156845750235,24.337156845750236
PR1_ME_08,416411.68579200003,0.41641168579200005,1721467.7868960002,1.7214677868960002,0.24189339409181573,24.189339409181574
FAS4_ME_new_14,1226520.0951520002,1.2265200951520001,5079996.216768,5.079996216768,0.2414411434212323,24.14411434212323
FAS24_ME_03,1722442.6373330003,1.7224426373330004,7224519.881297001,7.224519881297001,0.23841620836176236,23.841620836176237
FAS19_ME_04,1071346.88266,1.0713468826599999,4496164.475567999,4.4961644755679995,0.23828018046974514,23.828018046974513
FAS23_ME_12,1116101.70135,1.11610170135,4685476.020975,4.685476020975,0.23820454877021235,23.820454877021234
FAS24_ME_28,1143066.159972,1.143066159972,4816854.764001,4.8168547640009995,0.23730550659628788,23.730550659628786
FAS24_ME_11,1676909.781872,1.676909781872,7095491.731744001,7.0954917317440005,0.23633454103960072,23.633454103960073
FAS16_ME_05,1512907.729344,1.512907729344,6417894.467424001,6.417894467424,0.23573272153713792,23.57327215371379
PR20_ME_15,1209640.7079,1.2096407079,5150589.379199999,5.1505893791999995,0.23485481346755777,23.485481346755776
PR5_ME_05,1022989.447424,1.022989447424,4363304.354944001,4.363304354944001,0.2344529201280366,23.44529201280366
PR24_ME_07,550355.5965600001,0.5503555965600001,2348930.7564800004,2.3489307564800006,0.23430047694753578,23.43004769475358
FAS24_ME_25,1364730.2739000001,1.3647302739000002,5885101.048400001,5.885101048400001,0.2318958098894552,23.189580988945522
PR13_ME_03,1019902.137072,1.019902137072,4403546.031248,4.403546031248,0.23160928257242527,23.160928257242528
FAS4_ME_new_16,1545170.1839200004,1.5451701839200005,6683022.757840001,6.683022757840001,0.23120827803666047,23.120827803666046
PR14_ME_11,1174067.208912,1.1740672089120001,5156678.528976,5.156678528976,0.22767896084946435,22.767896084946436
PR5_ME_37,637385.9201280001,0.6373859201280001,2838808.0642560003,2.8388080642560003,0.22452589456591082,22.45258945659108
PR14_ME_10,784515.1314880002,0.7845151314880001,3502990.3656000006,3.5029903656000005,0.2239558347610889,22.39558347610889
PR21_ME_06,661306.7448,0.6613067448,2962876.9761,2.9628769761,0.2231975036879426,22.31975036879426
PR5_ME_01,243852.04872000002,0.24385204872000002,1100170.015632,1.100170015632,0.22164942259394116,22.164942259394117
FAS23_ME_17,889745.3504999998,0.8897453504999998,4025435.075325,4.025435075325,0.2210308535228741,22.103085352287412
PR6_ME_43,1239910.296,1.2399102960000001,5624960.242304001,5.624960242304001,0.22043005507397667,22.043005507397666
FAS6_ME_new_13,1221892.1200640004,1.2218921200640003,5563893.024096001,5.563893024096001,0.2196110016443978,21.96110016443978
PR1_ME_06,670313.96784,0.6703139678400001,3103897.0390560003,3.103897039056,0.21595882833918523,21.595882833918523
FAS6_ME_new_25,1253157.7635,1.2531577635,5842028.5533,5.8420285533,0.21450729863210372,21.45072986321037
PR16_ME_09,998873.310208,0.998873310208,4659242.61376,4.65924261376,0.21438533963826176,21.438533963826174
FAS6_ME_new_09,966273.1848,0.9662731848,4522945.394,4.522945394000001,0.21363803907113896,21.363803907113894
PR11_ME_23,1123233.9722240001,1.1232339722240001,5273161.423872001,5.273161423872001,0.21300959366406555,21.300959366406556
FAS23_ME_06,893144.7756190001,0.8931447756190001,4201224.851028,4.201224851028,0.21259151968513562,21.259151968513564
FAS4_ME_new_19,1038747.0079360001,1.0387470079360002,4886181.421440001,4.886181421440001,0.21258871055792117,21.258871055792117
FAS23_ME_13,784100.2965749999,0.7841002965749999,3695135.5979999998,3.695135598,0.21219797644216248,21.21979764421625
FAS4_ME_new_10,728552.6431040001,0.7285526431040001,3439359.0424160003,3.439359042416,0.2118280278735376,21.18280278735376
PR16_ME_07,680995.899392,0.680995899392,3241444.7687680004,3.2414447687680004,0.2100902369071774,21.00902369071774
FAS24_ME_23,796301.444016,0.796301444016,3798103.94496,3.79810394496,0.20965762273901808,20.96576227390181
PR5_ME_09,412864.4042880001,0.4128644042880001,1975130.7978240002,1.9751307978240003,0.20903142452279738,20.903142452279738
PR5_ME_25,734397.3248640001,0.7343973248640001,3528026.6936320006,3.5280266936320004,0.20816093205574912,20.816093205574912
FAS6_ME_new_37,964945.7748,0.9649457748,4638651.2513999995,4.6386512514,0.20802291927179653,20.802291927179652
FAS4_ME_new_05,1191390.1632160002,1.1913901632160002,5737742.174736001,5.737742174736001,0.2076409373118647,20.76409373118647
PR5_ME_15,914851.4341120002,0.9148514341120002,4410074.525888001,4.4100745258880005,0.20744579909968486,20.744579909968486
FAS24_ME_04,1279402.4582,1.2794024582,6173974.5911,6.1739745910999995,0.2072250928995243,20.722509289952427
FAS4_ME_new_01,488084.65798400005,0.488084657984,2359080.2926240005,2.3590802926240007,0.2068961618263126,20.68961618263126
PR14_ME_09,853281.2397120001,0.8532812397120001,4129394.1291680005,4.129394129168,0.20663594053298107,20.663594053298105
PR10_ME_29,686180.6636960001,0.6861806636960002,3351894.3143840004,3.3518943143840003,0.20471428969326083,20.471428969326084
PR21_ME_08,1333084.2704999999,1.3330842705,6522779.0889,6.5227790889,0.204373665324424,20.4373665324424
PR1_ME_11,703483.583904,0.703483583904,3480787.480176,3.4807874801759997,0.20210472139150235,20.210472139150234
PR20_ME_28,983164.1166,0.9831641165999999,4900802.0247,4.9008020247,0.20061290206069562,20.06129020606956
FAS6_ME_new_01,1329869.3140480001,1.3298693140480002,6635035.857648001,6.635035857648001,0.20043136805584869,20.04313680558487
PR6_ME_37,812022.9121920001,0.8120229121920001,4057466.675072001,4.057466675072001,0.2001305191687349,20.01305191687349
FAS24_ME_08,1264930.5756060001,1.264930575606,6371331.694276,6.371331694276001,0.1985347233989423,19.85347233989423
FAS19_ME_07,1196338.4673839998,1.1963384673839998,6051621.254783999,6.051621254783999,0.19768891954998938,19.76889195499894
PR16_ME_29,776446.7281920001,0.7764467281920001,3938497.3281280003,3.9384973281280002,0.19714288559922713,19.714288559922714
FAS6_ME_new_27,1103884.4592,1.1038844592,5603610.6422999995,5.6036106423,0.1969952107070221,19.69952107070221
PR11_ME_21,501783.69945600006,0.5017836994560001,2552289.7848320003,2.5522897848320003,0.19660138219337386,19.660138219337387
PR5_ME_20,844305.1686400002,0.8443051686400002,4295556.891136001,4.295556891136001,0.1965531338630963,19.65531338630963
PR6_ME_31,726192.9944960001,0.7261929944960002,3703239.9095680006,3.7032399095680004,0.19609666460435013,19.60966646043501
PR16_ME_20,708258.2251520001,0.7082582251520001,3617285.676032,3.617285676032,0.19579825553864674,19.579825553864673
PR16_ME_12,824198.2935040001,0.8241982935040001,4221424.045056,4.2214240450560006,0.1952417678743445,19.52417678743445
PR5_ME_24,1299069.280192,1.299069280192,6664179.995456001,6.664179995456001,0.19493310220879026,19.493310220879025
FAS4_ME_new_12,545700.9472640001,0.5457009472640001,2801231.964432,2.801231964432,0.1948074826336814,19.480748263368138
FAS16_ME_19,890064.9725440001,0.8900649725440002,4572946.196896001,4.572946196896001,0.19463709700939705,19.463709700939706
PR16_ME_08,994715.3152000001,0.9947153152000001,5119642.494976,5.1196424949759995,0.19429390161053875,19.429390161053874
PR12_ME_06,1223559.2580640002,1.2235592580640002,6301594.920544001,6.301594920544002,0.1941665996452805,19.416659964528048
PR5_ME_34,623136.4598579999,0.6231364598579999,3213769.2952199997,3.2137692952199997,0.1938958284232854,19.38958284232854
FAS19_ME_06,1137676.321208,1.1376763212079999,5872824.813816,5.872824813816,0.19371875669296004,19.371875669296003
PR5_ME_12,478595.08454400004,0.478595084544,2476473.0056960005,2.4764730056960005,0.19325673384818232,19.32567338481823
PR20_ME_12,1230033.5945370002,1.2300335945370002,6370068.6166590005,6.370068616659,0.19309581553332358,19.309581553332357
PR13_ME_16,1155760.9585600002,1.1557609585600002,5992236.861312,5.9922368613120005,0.1928763807756001,19.28763807756001
PR10_ME_31,1397208.3521440001,1.3972083521440002,7250249.790960001,7.250249790960001,0.19271175372276333,19.271175372276332
FAS23_ME_08,840152.300625,0.840152300625,4363156.07235,4.36315607235,0.19255609625087128,19.25560962508713
PR6_ME_10,966670.4237440001,0.9666704237440001,5040285.086848001,5.040285086848001,0.19178883874374622,19.178883874374623
PR6_ME_32,1290165.2494080001,1.2901652494080003,6739747.640384001,6.739747640384,0.1914263438704201,19.14263438704201
FAS6_ME_new_10,1114355.0505120002,1.1143550505120001,5827487.547552001,5.827487547552001,0.19122392650673553,19.122392650673554
FAS4_ME_new_07,881875.9906880001,0.8818759906880002,4612063.922928001,4.612063922928001,0.19121070423675632,19.121070423675633
FAS4_ME_new_15,812029.5770400001,0.8120295770400001,4273448.189472001,4.273448189472001,0.1900174147519802,19.00174147519802
FAS6_ME_new_29,912360.3966,0.9123603966,4806891.783,4.806891783,0.1898025663541342,18.98025663541342
PR11_ME_11,563042.210816,0.563042210816,2968520.77568,2.96852077568,0.1896709685944589,18.96709685944589
PR20_ME_21,1075617.4356,1.0756174356,5671010.3373,5.671010337299999,0.18966945422852244,18.966945422852245
PR10_ME_34,1583927.8081440001,1.583927808144,8355402.239712001,8.355402239712001,0.18956930650397938,18.956930650397936
PR10_ME_27,1286830.4794400001,1.28683047944,6829770.913152001,6.829770913152001,0.18841488181718766,18.841488181718766
PR1_ME_03,923198.360688,0.923198360688,4915196.940816,4.915196940816,0.18782530421552845,18.782530421552845
FAS24_ME_19,952990.9687349999,0.9529909687349999,5076173.150373001,5.076173150373001,0.18773807364411388,18.77380736441139
PR5_ME_04,724505.4817280001,0.7245054817280001,3866777.7322880006,3.866777732288001,0.18736672544643648,18.73667254464365
PR9_ME_17,346046.4828,0.3460464828,1854610.840368,1.8546108403680002,0.18658711319261778,18.658711319261776
PR10_ME_36,1281415.6152160002,1.2814156152160003,6881158.774864001,6.8811587748640015,0.1862209051034905,18.62209051034905
PR10_ME_18,1263958.7405759997,1.2639587405759998,6814531.104192001,6.8145311041920005,0.18547992829594215,18.547992829594214
FAS20_ME_04,1208221.5884640003,1.2082215884640002,6527952.249632001,6.527952249632001,0.1850843177555582,18.50843177555582
PR10_ME_35,961591.8612960001,0.961591861296,5198229.643728001,5.198229643728001,0.18498449033628644,18.498449033628646
FAS6_ME_new_05,726498.7290880001,0.7264987290880002,3930311.1777600003,3.93031117776,0.18484509145203437,18.484509145203436
PR10_ME_30,952455.9450560003,0.9524559450560003,5161499.259312001,5.161499259312001,0.18453086926974727,18.453086926974727
FAS23_ME_15,1140864.681763,1.1408646817630002,6188568.581895,6.188568581895001,0.18435033346817273,18.435033346817274
PR6_ME_14,1115528.2573440003,1.1155282573440002,6057772.968256001,6.0577729682560015,0.18414824444389083,18.414824444389083
FAS6_ME_new_35,1071832.1598,1.0718321598,5831040.360599999,5.831040360599999,0.18381491012175247,18.381491012175246
PR5_ME_14,937228.1278080002,0.9372281278080002,5099992.855680001,5.099992855680001,0.18377047857315795,18.377047857315794
PR20_ME_19,919154.8304999999,0.9191548304999999,5019384.639599999,5.019384639599999,0.18312101910828027,18.312101910828027
PR17_ME_12,1246077.3915,1.2460773914999999,6809152.9041,6.8091529041,0.1830003539426613,18.30003539426613
FAS23_ME_03,573089.1932249999,0.573089193225,3132746.22735,3.1327462273499997,0.18293508367250608,18.293508367250606
FAS16_ME_09,1084486.342923,1.084486342923,5939521.852437,5.939521852437,0.18258815606142315,18.258815606142313
FAS24_ME_22,973266.1035540001,0.9732661035540001,5342962.995403001,5.342962995403001,0.18215849602390707,18.21584960239071
FAS6_ME_new_36,938639.4696,0.9386394696,5156294.5251,5.1562945251,0.1820375979360481,18.20375979360481
PR10_ME_32,1642664.84166,1.6426648416599998,9024438.888585,9.024438888585,0.18202404182024043,18.202404182024043
FAS4_ME_new_06,896186.7032800002,0.8961867032800003,4961909.497952,4.961909497952,0.18061327068740293,18.061327068740294
FAS20_ME_18,409622.475152,0.409622475152,2274376.34512,2.2743763451200003,0.18010320764674836,18.010320764674837
PR1_ME_07,758517.4599840001,0.7585174599840001,4222516.554288,4.222516554288,0.17963634961092562,17.963634961092563
FAS4_ME_new_03,649423.6050720001,0.649423605072,3621663.9169920003,3.6216639169920004,0.17931636395775333,17.93163639577533
PR12_ME_07,1101084.6320320002,1.1010846320320002,6144630.543568001,6.1446305435680015,0.17919460319458583,17.919460319458583
PR20_ME_03,697397.1681600001,0.6973971681600001,3901369.6620800006,3.9013696620800005,0.17875700806782444,17.875700806782444
PR6_ME_13,1092040.274752,1.0920402747520002,6120526.491840001,6.1205264918400015,0.17842260403707563,17.842260403707563
PR1_ME_05,962176.73112,0.96217673112,5400160.071264001,5.4001600712640005,0.17817559450506917,17.817559450506916
PR1_ME_overview35,920286.8502080002,0.9202868502080002,5176730.23208,5.176730232080001,0.17777377011168508,17.777377011168507
PR12_ME_03,938425.3116480001,0.9384253116480001,5284707.426064,5.284707426064,0.17757374930913258,17.757374930913258
PR12_ME_overview03,938425.3116480001,0.9384253116480001,5284707.426064,5.284707426064,0.17757374930913258,17.757374930913258
PR24_ME_04,262140.77912000002,0.26214077912,1481392.1525920003,1.4813921525920004,0.17695569580366063,17.69556958036606
FAS4_ME_new_17,1057045.514624,1.057045514624,5981864.526352,5.981864526352,0.176708367427477,17.6708367427477
PR6_ME_47,766569.8243840002,0.7665698243840001,4353055.801792,4.353055801792,0.17609924138083188,17.609924138083187
PR5_ME_13,300336.11385600007,0.30033611385600006,1705581.5022720003,1.7055815022720002,0.17609015661574845,17.609015661574844
PR6_ME_33,559911.2485760001,0.559911248576,3181674.9877120005,3.1816749877120003,0.17598002647613054,17.598002647613054
PR16_ME_15,1193187.661824,1.193187661824,6780460.765184,6.780460765184,0.17597442167215618,17.59744216721562
PR5_ME_39,896357.3917440001,0.8963573917440001,5093777.869632001,5.093777869632001,0.17597104048998455,17.597104048998453
PR6_ME_15,1077826.752576,1.0778267525760001,6147705.051136001,6.147705051136001,0.1753218060415625,17.53218060415625
FAS6_ME_new_02,1004403.9651360002,1.0044039651360002,5729046.382928001,5.729046382928001,0.17531782743617264,17.531782743617264
PR17_ME_19,876972.1527,0.8769721527,5003508.267,5.003508267,0.17527145073067188,17.52714507306719
FAS4_ME_new_04,544727.3386720001,0.5447273386720001,3115054.0215520007,3.115054021552001,0.17486930721047425,17.486930721047425
PR10_ME_05,328463.22312000004,0.32846322312000004,1880205.720624,1.8802057206240002,0.17469536419184498,17.469536419184497
PR20_ME_24,1073724.7977,1.0737247977,6160468.284,6.160468284,0.17429272389709133,17.429272389709134
FAS24_ME_31,930647.7939,0.9306477939000001,5342915.3354,5.3429153354,0.17418351882424626,17.418351882424627
PR17_ME_20,601341.4404,0.6013414403999999,3455997.6536999997,3.4559976537,0.1739993775042649,17.39993775042649
FAS23_ME_04,934553.4732,0.9345534732,5371408.584225,5.371408584225,0.17398666635501156,17.398666635501154
FAS20_ME_13,816524.1810880001,0.8165241810880001,4703489.770848,4.703489770848001,0.17359965065700303,17.359965065700305
FAS6_ME_new_06,1314118.1942240002,1.3141181942240001,7584597.651136001,7.584597651136001,0.1732614246224617,17.326142462246167
PR5_ME_22,1196899.2998400002,1.1968992998400003,6923261.224000001,6.923261224000002,0.17288085211790935,17.288085211790936
FAS6_ME_new_12,696503.5821920001,0.6965035821920001,4028845.7021120004,4.028845702112,0.17287919014294323,17.287919014294324
PR16_ME_30,458072.450048,0.458072450048,2649728.082944,2.649728082944,0.17287526708742704,17.287526708742703
PR22_ME_12,805773.5658,0.8057735658,4666291.9344,4.666291934399999,0.17267963023483823,17.267963023483823
PR17_ME_36,739449.5427,0.7394495427,4306295.8665,4.306295866499999,0.17171359461211327,17.171359461211328
FAS19_ME_05,785328.7771599999,0.7853287771599999,4579527.881287999,4.579527881288,0.17148684264350958,17.14868426435096
PR6_ME_12,1179530.2659840002,1.1795302659840001,6886767.045440001,6.886767045440002,0.17127488968354365,17.127488968354363
PR9_ME_07,227141.34177600002,0.227141341776,1330656.142896,1.330656142896,0.17069875113014277,17.069875113014277
FAS15_ME_05,766558.8987680001,0.7665588987680001,4491846.76824,4.49184676824,0.17065562079900468,17.065562079900467
PR17_ME_10,662110.0947,0.6621100947,3882617.2989,3.8826172988999996,0.17053189735892466,17.053189735892467
PR6_ME_57,606173.7937280001,0.6061737937280002,3564452.2741120006,3.5644522741120004,0.17006085286385664,17.006085286385662
PR5_ME_23,844524.6824960001,0.8445246824960001,4973141.2861440005,4.973141286144,0.16981715055009325,16.981715055009325
FAS19_ME_23,882994.174825,0.882994174825,5199963.5353500005,5.19996353535,0.16980776284723836,16.980776284723838
FAS24_ME_18,935195.839488,0.935195839488,5510271.7429760005,5.510271742976,0.1697186424027279,16.97186424027279
PR22_ME_26,743743.6045600001,0.7437436045600001,4392201.763488,4.392201763488,0.16933275031731862,16.933275031731863
FAS6_ME_new_30,893951.4293999999,0.8939514293999999,5280636.7502999995,5.280636750299999,0.16928856720720534,16.928856720720535
PR13_ME_15,893778.6089,0.8937786088999999,5284898.542400001,5.284898542400001,0.16911935049071225,16.911935049071225
PR1_ME_21,576803.88,0.57680388,3412059.601392,3.412059601392,0.16904859451009718,16.904859451009717
PR10_ME_33,1355156.4632320001,1.3551564632320001,8037992.501616001,8.037992501616001,0.16859389492582286,16.859389492582284
PR24_ME_06,570894.73672,0.57089473672,3398627.5268000006,3.3986275268000004,0.16797802413420973,16.797802413420975
FAS20_ME_29,746984.5208320001,0.7469845208320001,4468556.683888,4.468556683888001,0.167164606756664,16.7164606756664
PR5_ME_07,495936.67916800006,0.49593667916800005,2967209.9504000004,2.9672099504000005,0.1671390590683158,16.71390590683158
PR12_ME_overview05,820725.3688480001,0.8207253688480001,4912562.213152001,4.912562213152,0.16706666159885755,16.706666159885756
PR12_ME_05,820725.3688480001,0.8207253688480001,4912562.213152001,4.912562213152,0.16706666159885755,16.706666159885756
PR20_ME_17,662246.2557,0.6622462557,3974566.8222,3.9745668222,0.1666209892361135,16.66209892361135
FAS20_ME_27,1008231.7139840001,1.0082317139840002,6053178.021440001,6.053178021440001,0.16656237606310315,16.656237606310313
PR11_ME_12,745941.6893440001,0.7459416893440001,4480121.942016,4.480121942016,0.16650030936620788,16.650030936620787
PR22_ME_21,957030.5717280002,0.9570305717280002,5751466.054752001,5.751466054752001,0.16639767367439792,16.63976736743979
PR10_ME_19,678502.295712,0.6785022957119999,4077901.6526880004,4.077901652688,0.16638515430227618,16.638515430227617
FAS4_ME_new_08,730486.523184,0.7304865231840001,4408446.356160001,4.408446356160001,0.16570157923398074,16.570157923398074
PR13_ME_07,781334.7553440001,0.7813347553440001,4738020.17208,4.73802017208,0.16490743537737887,16.490743537737888
PR11_ME_20,435255.77932800003,0.435255779328,2643294.958592,2.643294958592,0.16466409770623824,16.466409770623823
PR17_ME_21,912823.3439999999,0.9128233439999999,5544789.090299999,5.544789090299999,0.16462724354960304,16.462724354960304
PR10_ME_07,589779.547056,0.589779547056,3585451.3971840004,3.5854513971840003,0.1644924116163478,16.44924116163478
PR6_ME_11,915070.9479680001,0.915070947968,5568572.6205440005,5.568572620544001,0.16432773895989988,16.43277389598999
PR6_ME_09,625724.2465280001,0.6257242465280001,3810829.1382400007,3.810829138240001,0.16419635303223948,16.41963530322395
FAS6_ME_new_11,618961.6595360001,0.6189616595360001,3774493.7917280006,3.7744937917280006,0.16398534311872145,16.398534311872144
FAS19_ME_16,400666.20505199995,0.40066620505199996,2444327.4558079997,2.4443274558079997,0.16391674695629324,16.391674695629323
PR10_ME_26,1368186.8138400002,1.3681868138400002,8354655.361888001,8.354655361888002,0.16376340549980684,16.376340549980682
FAS4_ME_new_18,952002.4835200001,0.9520024835200002,5822192.717264001,5.822192717264001,0.16351270556488393,16.35127055648839
PR6_ME_27,356435.6236800001,0.3564356236800001,2187702.5281280004,2.1877025281280003,0.16292691492430608,16.29269149243061
PR6_ME_48,833911.010244,0.833911010244,5127190.614,5.127190614,0.16264482306684142,16.26448230668414
PR12_ME_09,710840.9689920001,0.7108409689920001,4377664.320128,4.377664320128001,0.16237904896536598,16.237904896536598
PR10_ME_25,1303995.3322880003,1.3039953322880002,8040059.752736001,8.040059752736001,0.16218726880036627,16.218726880036627
FAS15_ME_04,975601.829072,0.975601829072,6024419.331216,6.024419331216,0.16194122212191353,16.194122212191353
PR5_ME_21,969976.8512000002,0.9699768512000001,6002963.102336001,6.002963102336,0.1615830107005892,16.15830107005892
PR9_ME_13,482032.50465599995,0.48203250465599995,2984236.121088,2.984236121088,0.1615262616954919,16.15262616954919
PR17_ME_08,574109.2404,0.5741092404,3559657.023,3.559657023,0.16128217878590828,16.128217878590828
PR13_ME_09,513651.8481120001,0.513651848112,3185410.2390240002,3.1854102390240002,0.16125139607430328,16.125139607430327
PR20_ME_13,1098696.7251,1.0986967251,6822741.7719,6.8227417719,0.16103448757581137,16.103448757581138
FAS23_ME_18,645839.6166,0.6458396166,4013521.583175,4.013521583175,0.1609159445678356,16.091594456783557
PR16_ME_18,806010.3342080001,0.8060103342080001,5010462.437376,5.010462437376,0.16086545788578172,16.08654578857817
PR11_ME_04,327422.493696,0.327422493696,2036423.819264,2.036423819264,0.16078307992603247,16.078307992603246
PR6_ME_42,524226.52736000007,0.5242265273600001,3260768.5739520006,3.2607685739520007,0.1607677808071628,16.07677808071628
FAS23_ME_05,720849.976425,0.720849976425,4492265.404725,4.492265404725,0.16046469019101237,16.046469019101238
PR11_ME_13,775570.67264,0.77557067264,4834767.535104,4.834767535104,0.16041529753163547,16.041529753163548
PR17_ME_09,810484.7363999999,0.8104847364,5052580.6914,5.0525806914,0.16041005298134603,16.041005298134603
PR1_ME_12,308176.134192,0.308176134192,1922914.845504,1.9229148455040002,0.16026509697636995,16.026509697636996
PR13_ME_20,649623.6616320001,0.6496236616320001,4053826.0979040004,4.053826097904,0.16024951390191183,16.024951390191184
FAS24_ME_09,931076.1813840002,0.9310761813840003,5815532.739790001,5.815532739790001,0.16010161459732775,16.010161459732775
PR17_ME_06,384355.2708,0.3843552708,2403799.9101,2.4037999101,0.15989486861408964,15.989486861408963
PR17_ME_05,384355.2708,0.3843552708,2403799.9101,2.4037999101,0.15989486861408964,15.989486861408963
PR21_ME_07,958355.5824,0.9583555824,5999308.1244,5.9993081244,0.1597443509364418,15.974435093644178
PR5_ME_35,363149.113503,0.363149113503,2279077.229242,2.2790772292419996,0.1593404158681275,15.93404158681275
PR11_ME_14,881338.036224,0.8813380362240001,5534435.185664,5.534435185664,0.15924624765810869,15.924624765810869
PR5_ME_40,734863.7918080001,0.7348637918080001,4616307.7936,4.616307793600001,0.15918864700200608,15.918864700200608
FAS6_ME_new_19,833931.6606,0.8339316605999999,5261492.5137,5.2614925137,0.15849716756767945,15.849716756767945
FAS6_ME_new_28,676978.8759,0.6769788758999999,4282917.022799999,4.2829170227999995,0.158064905833132,15.8064905833132
PR17_ME_38,866882.6226,0.8668826226,5486593.8789,5.4865938789,0.15800014393881112,15.800014393881112
PR1_ME_09,953992.901952,0.953992901952,6043126.749264,6.043126749264,0.15786412258657126,15.786412258657126
FAS19_ME_20,931000.9469750001,0.9310009469750001,5905356.831225,5.905356831225,0.15765363103077285,15.765363103077284
PR10_ME_28,795438.2196640001,0.7954382196640001,5053748.796096001,5.053748796096001,0.15739567828905004,15.739567828905004
PR6_ME_36,671232.2128000001,0.6712322128000001,4274785.392512001,4.274785392512001,0.15702126567003227,15.702126567003226
PR14_ME_06,925208.2415840003,0.9252082415840003,5892452.581136001,5.892452581136001,0.15701581452618668,15.701581452618669
FAS24_ME_15,560436.831268,0.5604368312679999,3571115.7276319996,3.571115727632,0.15693605976741185,15.693605976741184
PR5_ME_27,1172025.6360320002,1.1720256360320003,7468739.436544001,7.468739436544001,0.15692415647778038,15.692415647778038
FAS24_ME_07,974885.5147080001,0.9748855147080001,6214817.026778,6.214817026778,0.1568647170958496,15.686471709584959
FAS23_ME_14,916864.5878999999,0.9168645878999999,5859234.00225,5.85923400225,0.15648198852408274,15.648198852408274
PR10_ME_20,688761.400608,0.688761400608,4410516.111552,4.410516111552,0.1561634473580087,15.616344735800869
PR6_ME_02,784130.9328640001,0.784130932864,5027333.769344001,5.0273337693440014,0.15597351774125762,15.597351774125762
PR1_ME_20,654380.6088960001,0.654380608896,4201873.761312,4.201873761312,0.15573542806571017,15.573542806571016
PR9_ME_16,671257.463904,0.671257463904,4314905.48448,4.31490548448,0.1555671303388688,15.55671303388688
PR11_ME_06,647365.8265600001,0.6473658265600001,4164781.169664,4.164781169664,0.15543813712839738,15.543813712839738
FAS20_ME_23,1142696.3965120001,1.142696396512,7351958.546064001,7.351958546064001,0.15542748090218253,15.542748090218254
PR9_ME_08,146060.039808,0.146060039808,940069.8090720001,0.9400698090720001,0.15537148241382703,15.537148241382702
PR20_ME_27,841897.0791,0.8418970791,5419970.3016,5.4199703016,0.15533241553952207,15.533241553952207
PR10_ME_14,730339.860528,0.730339860528,4708294.563456,4.708294563456,0.15511770784194803,15.511770784194804
FAS23_ME_24,896444.256692,0.896444256692,5783164.347507,5.783164347507,0.15500929989624765,15.500929989624765
PR5_ME_44,872348.0637440002,0.8723480637440002,5631888.648384001,5.631888648384001,0.15489440899977833,15.489440899977833
FAS24_ME_16,902669.202396,0.902669202396,5837778.60523,5.83777860523,0.15462546003154504,15.462546003154504
PR10_ME_16,750276.3684960001,0.7502763684960001,4857263.112384,4.8572631123839995,0.1544648397948852,15.446483979488521
PR17_ME_07,704946.3452999999,0.7049463452999999,4567575.2094,4.5675752094,0.1543371073232097,15.433710732320971
PR10_ME_03,419671.425024,0.419671425024,2720077.3905120003,2.7200773905120004,0.15428657525990658,15.428657525990658
FAS19_ME_21,922632.6708000001,0.9226326708000001,5987951.58275,5.98795158275,0.1540815182036385,15.40815182036385
PR10_ME_15,977219.4028320002,0.9772194028320002,6350557.797072,6.350557797072,0.1538793022689375,15.38793022689375
PR5_ME_19,472448.6965760001,0.4724486965760001,3070971.4062080006,3.0709714062080007,0.1538434046051162,15.38434046051162
PR17_ME_27,695387.8430999999,0.6953878430999999,4542507.9693,4.5425079693,0.15308456205243798,15.308456205243798
PR13_ME_13,920260.5212320001,0.9202605212320001,6014959.511600001,6.014959511600001,0.15299529771684323,15.299529771684323
PR13_ME_19,830474.7918720001,0.8304747918720001,5433576.180912001,5.433576180912001,0.15284128982849904,15.284128982849904
FAS6_ME_new_33,752589.0791999999,0.7525890792,4931329.3209,4.9313293209,0.15261383497759332,15.261383497759331
PR10_ME_21,847473.455088,0.8474734550880001,5558055.164352001,5.558055164352001,0.15247661817455258,15.247661817455258
PR9_ME_15,748531.263024,0.748531263024,4910938.3261440005,4.9109383261440005,0.1524212305903129,15.24212305903129
PR20_ME_18,972815.8805999999,0.9728158805999999,6388728.5844,6.3887285844,0.1522706541291208,15.227065412912081
PR5_ME_10,280305.47449600004,0.280305474496,1848196.9105920002,1.8481969105920002,0.1516642912286953,15.166429122869529
PR9_ME_12,615440.5297920001,0.615440529792,4062552.6568320002,4.0625526568320005,0.15149108990797028,15.149108990797028
FAS6_ME_new_23,789502.3263,0.7895023263,5213305.135799999,5.2133051358,0.15143988424511204,15.143988424511203
FAS6_ME_new_22,998768.1671999999,0.9987681672,6602242.6485,6.6022426485,0.15127710694288335,15.127710694288336
PR17_ME_35,898335.8136,0.8983358136,5943441.2661,5.9434412661,0.15114742005172957,15.114742005172957
FAS6_ME_new_17,966579.938192,0.966579938192,6404157.250304,6.404157250304,0.15093007563893238,15.093007563893238
PR1_ME_04,765724.11552,0.76572411552,5074788.39552,5.07478839552,0.15088789045785195,15.088789045785195
FAS20_ME_09,636753.3562720001,0.6367533562720001,4233076.775664001,4.233076775664001,0.15042329492644718,15.042329492644718
PR1_ME_overview26,1097670.3334080002,1.0976703334080002,7311106.996512001,7.3111069965120015,0.15013736414084475,15.013736414084475
FAS23_ME_19,600808.2903,0.6008082903,4005402.5522249998,4.005402552225,0.1499994775721734,14.999947757217342
PR13_ME_18,895879.9498880001,0.8958799498880001,5972795.295632001,5.972795295632001,0.1499934127230463,14.999341272304632
PR6_ME_34,639361.544832,0.639361544832,4263315.793536001,4.263315793536001,0.14996814118283097,14.996814118283098
PR6_ME_40,479980.7657600001,0.4799807657600001,3205560.8391680005,3.2055608391680006,0.14973378757789496,14.973378757789495
PR5_ME_06,249697.01120000004,0.24969701120000004,1670239.7714560002,1.6702397714560002,0.14949770414240068,14.949770414240069
PR5_ME_11,258354.08889600006,0.25835408889600003,1732650.3046400002,1.7326503046400001,0.1491091931269301,14.91091931269301
PR10_ME_24,860216.5337920001,0.8602165337920001,5779393.9505280005,5.779393950528,0.14884199643691212,14.884199643691213
PR6_ME_35,783554.7089920001,0.7835547089920001,5276921.023616001,5.276921023616001,0.14848710175599153,14.848710175599154
FAS23_ME_23,701877.670425,0.701877670425,4728386.913075,4.728386913075,0.148439136502167,14.8439136502167
PR22_ME_19,653931.546224,0.6539315462240001,4412020.700032,4.412020700032,0.14821588353365095,14.821588353365096
FAS16_ME_18,554983.571648,0.554983571648,3746632.5814720006,3.7466325814720007,0.1481286354025018,14.812863540250179
PR6_ME_30,693746.1026560001,0.693746102656,4686730.582528001,4.686730582528001,0.14802346549261142,14.802346549261141
PR17_ME_14,770589.5634,0.7705895634,5206796.64,5.206796639999999,0.1479968619246862,14.79968619246862
PR20_ME_08,581216.8446,0.5812168446,3930654.8997,3.9306548997,0.14786768602971487,14.786768602971486
PR17_ME_39,825489.6786,0.8254896786,5593194.3258,5.5931943258,0.14758823500771706,14.758823500771706
PR16_ME_14,867478.0528640001,0.867478052864,5883968.275456,5.8839682754560005,0.1474307834871478,14.74307834871478
PR5_ME_16,644972.867776,0.644972867776,4377339.522112001,4.377339522112001,0.14734357810673326,14.734357810673327
PR5_ME_28,558264.8946560001,0.558264894656,3795079.0190720004,3.7950790190720003,0.14710231113778258,14.710231113778258
PR16_ME_24,839522.7279360001,0.8395227279360001,5718132.267008,5.718132267008,0.14681764756996055,14.681764756996055
PR22_ME_20,821605.6177120002,0.8216056177120001,5598009.336128001,5.598009336128001,0.14676746114187147,14.676746114187148
FAS20_ME_28,552849.6350080001,0.5528496350080001,3767011.6763840006,3.7670116763840005,0.1467607967540698,14.67607967540698
FAS6_ME_new_20,890683.5653999998,0.8906835653999998,6083796.0249,6.0837960249,0.1464026015590554,14.64026015590554
FAS20_ME_24,1125718.2631200003,1.1257182631200002,7696402.593968001,7.696402593968001,0.14626551163036527,14.626551163036527
PR13_ME_11,843491.495184,0.843491495184,5767627.484320001,5.767627484320001,0.14624583461347573,14.624583461347573
FAS4_ME_new_09,634512.7228000001,0.6345127228000002,4342187.623488001,4.342187623488001,0.14612743110586907,14.612743110586907
PR16_ME_06,678616.1664,0.6786161664,4647579.307008,4.647579307008,0.14601497286484752,14.601497286484753
PR6_ME_01,650886.0222720001,0.6508860222720001,4457777.630720001,4.457777630720001,0.14601132586482826,14.601132586482827
PR10_ME_13,576664.815024,0.576664815024,3953245.595904,3.9532455959040003,0.1458712344159666,14.587123441596662
PR17_ME_52,960561.3905999999,0.9605613905999999,6587959.3596,6.5879593596,0.14580560355161665,14.580560355161666
PR16_ME_19,906495.213568,0.906495213568,6217993.874432,6.2179938744320005,0.14578580035201566,14.578580035201567
PR16_ME_28,648764.900352,0.6487649003520001,4450989.826048001,4.4509898260480005,0.1457574440083664,14.57574440083664
PR11_ME_03,421971.11603200005,0.42197111603200005,2895520.504832,2.895520504832,0.145732387433562,14.573238743356201
PR10_ME_09,622116.880272,0.622116880272,4276222.313184001,4.276222313184,0.14548281981363653,14.548281981363653
FAS20_ME_12,676311.2067360001,0.6763112067360001,4650208.040368001,4.650208040368001,0.14543676344477682,14.543676344477682
FAS15_ME_13,465112.34140800004,0.46511234140800006,3200772.222752,3.200772222752,0.1453125399245373,14.53125399245373
FAS24_ME_17,974595.566906,0.974595566906,6708848.247114,6.708848247114,0.1452701761923516,14.52701761923516
PR6_ME_29,336254.06854400004,0.33625406854400003,2318779.7393920003,2.318779739392,0.1450133718315859,14.501337183158592
PR16_ME_22,715410.4995840001,0.715410499584,4935370.093568,4.935370093568,0.14495579582093668,14.495579582093669
PR24_ME_05,594608.1076320001,0.5946081076320001,4105574.0614240007,4.105574061424001,0.14482946811724615,14.482946811724615
PR16_ME_31,378495.22483200004,0.37849522483200004,2614829.69088,2.61482969088,0.14474947494749477,14.474947494749477
PR5_ME_08,582438.8580480001,0.5824388580480001,4040358.3139200006,4.0403583139200006,0.14415524881576938,14.415524881576939
PR22_ME_14,981788.8905,0.9817888905,6830380.404,6.8303804040000005,0.14373853759668287,14.373853759668286
FAS16_ME_17,741449.6226720001,0.7414496226720001,5173142.551104001,5.173142551104001,0.14332673328589549,14.332673328589548
PR17_ME_03,580590.811328,0.5805908113280001,4053732.738176001,4.053732738176,0.14322375174374224,14.322375174374224
FAS4_ME_new_02,424159.91851200006,0.4241599185120001,2961890.7192160003,2.9618907192160004,0.1432057961356094,14.320579613560941
PR5_ME_26,859533.9424000002,0.8595339424000001,6006598.8005760005,6.0065988005760005,0.1430982775672608,14.30982775672608
PR6_ME_44,610015.286208,0.610015286208,4263137.438528,4.263137438528,0.1430906920088951,14.30906920088951
PR16_ME_23,659682.906112,0.659682906112,4627822.2929920005,4.6278222929920005,0.1425471559508606,14.25471559508606
PR12_ME_08,685660.51664,0.68566051664,4814334.442192,4.814334442192,0.1424206242572159,14.242062425721592
FAS20_ME_11,708373.6047520001,0.7083736047520001,4975793.423216001,4.975793423216001,0.14236394972646543,14.236394972646544
PR6_ME_03,782155.3081600001,0.7821553081600001,5496078.169600001,5.4960781696000005,0.1423115327009486,14.23115327009486
PR22_ME_24,905922.7892000001,0.9059227892000001,6389753.177984001,6.3897531779840016,0.1417774308280595,14.17774308280595
PR17_ME_54,751758.4970999999,0.7517584970999999,5317046.2017,5.3170462017,0.1413864895248875,14.138648952488749
PR17_ME_34,972870.3449999999,0.9728703449999998,6883387.8813,6.883387881299999,0.14133597608860352,14.133597608860352
PR5_ME_18,710374.2772480001,0.7103742772480002,5027951.152064001,5.027951152064001,0.14128503952477495,14.128503952477494
PR22_ME_22,776539.5432960001,0.7765395432960001,5503142.515376001,5.503142515376001,0.14110838327852088,14.110838327852088
PR17_ME_25,852926.1201,0.8529261200999999,6062500.444499999,6.0625004444999995,0.14068883423733003,14.068883423733002
PR13_ME_12,754727.308816,0.754727308816,5369824.349344,5.369824349344,0.14054972001238747,14.054972001238747
FAS4_ME_new_11,203057.40840000001,0.20305740840000003,1444941.8473600002,1.4449418473600002,0.14052981354993538,14.052981354993538
PR17_ME_33,642325.9014,0.6423259014,4578726.795299999,4.5787267953,0.1402848281009775,14.028482810097751
PR22_ME_18,856452.69,0.8564526899999999,6106684.688999999,6.106684689,0.14024838903877457,14.024838903877457
FAS20_ME_10,709814.0119840001,0.7098140119840001,5063951.680656001,5.063951680656001,0.14016998122147337,14.016998122147337
PR22_ME_17,940736.3489999999,0.9407363489999999,6721301.8269,6.7213018268999996,0.13996341381888017,13.996341381888017
PR6_ME_26,488281.1334400001,0.4882811334400001,3495319.1290880004,3.4953191290880006,0.13969572316774478,13.969572316774478
PR22_ME_15,1024761.3021,1.0247613021,7343326.123199999,7.343326123199999,0.1395500192838283,13.95500192838283
PR20_ME_09,637247.0961,0.6372470961,4568337.711,4.568337711,0.13949211647938958,13.949211647938958
FAS16_ME_13,628350.9807520001,0.6283509807520001,4517543.866880001,4.5175438668800005,0.13909128483703354,13.909128483703354
FAS16_ME_07,688461.3084800001,0.6884613084800001,4951573.242352,4.9515732423520005,0.13903890234146685,13.903890234146685
PR6_ME_45,646550.623616,0.646550623616,4654681.559552001,4.654681559552001,0.13890329882807892,13.890329882807892
PR5_ME_29,412013.78809600003,0.41201378809600003,2973383.7776000006,2.9733837776000005,0.1385673088014765,13.85673088014765
FAS6_ME_new_24,914743.2141,0.9147432141,6601439.298599999,6.601439298599999,0.13856723855568803,13.856723855568804
PR9_ME_19,569512.5266880001,0.5695125266880001,4112023.7528640004,4.112023752864,0.13849932804773754,13.849932804773754
FAS6_ME_new_21,553181.2947,0.5531812947,3998027.3625,3.9980273625,0.1383635589612601,13.83635589612601
PR16_ME_27,712298.541056,0.7122985410560001,5150905.910272,5.150905910272001,0.13828607112304758,13.82860711230476
FAS24_ME_26,928032.1687,0.9280321687,6712028.1728,6.7120281728,0.1382640455027859,13.826404550278589
PR6_ME_08,834166.3724160001,0.8341663724160001,6040911.560192001,6.040911560192001,0.13808617525754466,13.808617525754466
PR17_ME_50,748027.6856999999,0.7480276856999999,5426941.7447999995,5.4269417448,0.1378359527107043,13.783595271070432
FAS6_ME_new_16,715042.1567520001,0.7150421567520001,5187679.994464001,5.187679994464001,0.13783466935413377,13.783466935413378
FAS24_ME_20,873382.2975,0.8733822975,6349012.786,6.349012786,0.1375619055967042,13.75619055967042
PR11_ME_07,410647.77113600005,0.41064777113600004,2993050.3311360003,2.993050331136,0.13720042288100792,13.720042288100792
FAS20_ME_17,912071.1941440002,0.9120711941440002,6658149.058880001,6.658149058880001,0.1369856976883939,13.69856976883939
PR5_ME_47,365449.41139200004,0.36544941139200005,2668972.9377920004,2.668972937792,0.1369251093622293,13.692510936222929
PR11_ME_17,468820.47488000005,0.46882047488000006,3424435.7754880004,3.4244357754880004,0.13690444371472862,13.690444371472863
FAS16_ME_12,839904.1244000001,0.8399041244000001,6135187.873936001,6.135187873936001,0.13689949544465432,13.689949544465433
PR17_ME_11,697743.4284,0.6977434283999999,5102102.4470999995,5.102102447099999,0.1367560600035761,13.67560600035761
PR5_ME_43,708590.7271680001,0.7085907271680001,5186220.642240001,5.186220642240001,0.13662949882941153,13.662949882941152
PR10_ME_06,572632.563744,0.5726325637440001,4192087.07664,4.19208707664,0.13659844208268945,13.659844208268945
PR6_ME_28,424443.7601920001,0.4244437601920001,3109002.1817600005,3.1090021817600006,0.13652089492961475,13.652089492961474
FAS20_ME_21,862843.9432800001,0.8628439432800001,6323801.198704001,6.323801198704,0.13644387547426876,13.644387547426875
PR11_ME_26,646973.5628800001,0.6469735628800001,4746063.641600001,4.746063641600001,0.1363179282319719,13.63179282319719
PR20_ME_23,557824.3848,0.5578243848,4117590.3366,4.1175903366,0.13547350250987084,13.547350250987083
PR16_ME_04,846413.493248,0.8464134932480001,6250185.647104001,6.250185647104001,0.13542213640328948,13.54221364032895
FAS24_ME_24,584204.881611,0.584204881611,4319398.371574,4.3193983715740005,0.13525144739037215,13.525144739037215
PR11_ME_22,468912.00307200005,0.46891200307200004,3470160.64512,3.47016064512,0.13512688633923023,13.512688633923023
PR16_ME_11,548136.190976,0.5481361909760001,4056804.054016,4.056804054016,0.13511527391454292,13.511527391454292
FAS23_ME_25,549047.714848,0.549047714848,4064775.5771719995,4.064775577171999,0.1350745457957093,13.507454579570929
PR11_ME_08,390838.455296,0.390838455296,2904542.569472,2.904542569472,0.13456110418345435,13.456110418345435
PR3_ME_04,433393.32088,0.43339332088,3222608.86688,3.22260886688,0.13448523813552152,13.448523813552152
FAS19_ME_15,753722.9401919999,0.7537229401919999,5615027.161392,5.615027161392,0.1342331779576196,13.42331779576196
FAS20_ME_22,1005844.3723680001,1.0058443723680002,7499973.726256001,7.499973726256001,0.13411305280266886,13.411305280266886
PR20_ME_14,459271.05299999996,0.45927105299999993,3433272.3828,3.4332723828,0.13377064263845043,13.377064263845043
PR17_ME_16,799265.07,0.7992650699999999,5975139.5468999995,5.9751395468999995,0.1337650884513102,13.376508845131019
FAS6_ME_new_34,631392.1731,0.6313921731000001,4723465.9383,4.7234659382999995,0.13367137211266553,13.367137211266552
PR13_ME_14,691834.5023200001,0.6918345023200001,5179019.515072,5.179019515072,0.13358406939897038,13.358406939897039
FAS24_ME_10,938498.940561,0.938498940561,7027005.646492001,7.027005646492,0.13355602482396103,13.355602482396103
PR17_ME_04,760841.7718880001,0.7608417718880001,5698677.797120001,5.698677797120001,0.13351198277476126,13.351198277476126
PR17_ME_53,764353.3896,0.7643533896,5760604.2753,5.7606042752999995,0.1326863212731609,13.26863212731609
PR9_ME_18,536963.665536,0.5369636655360001,4048393.5056160004,4.0483935056160005,0.1326362333086235,13.263623330862352
PR1_ME_15,482289.47481600003,0.48228947481600004,3638886.03072,3.63888603072,0.13253766970013428,13.253766970013428
PR3_ME_03,405572.72745600005,0.40557272745600004,3070638.364144,3.070638364144,0.13208091587465765,13.208091587465765
PR1_ME_overview30,545807.6440960001,0.5458076440960001,4133728.687968001,4.133728687968,0.13203760703615516,13.203760703615517
PR17_ME_51,801361.9493999999,0.8013619493999999,6081644.6811,6.081644681099999,0.13176730825633437,13.176730825633436
PR6_ME_16,558662.76352,0.55866276352,4261010.898048,4.261010898048,0.13111038128908037,13.111038128908037
PR17_ME_40,485830.68740800006,0.48583068740800006,3706141.1337280003,3.7061411337280004,0.13108801577648066,13.108801577648066
FAS6_ME_new_08,483163.2666080001,0.4831632666080001,3692523.9505440006,3.6925239505440004,0.13084905421854287,13.084905421854288
FAS16_ME_08,762375.5388480001,0.7623755388480001,5829128.011344001,5.829128011344,0.1307872356490284,13.07872356490284
PR17_ME_32,609089.0013,0.6090890013,4675482.801899999,4.675482801899999,0.1302729636931787,13.02729636931787
FAS19_ME_27,657923.8127250001,0.6579238127250001,5054599.9964000005,5.0545999964,0.13016337854500618,13.016337854500618
PR9_ME_20,420411.77280000004,0.4204117728,3230639.725536,3.2306397255359998,0.1301326698476875,13.013266984768752
PR11_ME_16,537937.335296,0.537937335296,4135139.1109120003,4.135139110912,0.13008929587797072,13.008929587797072
PR9_ME_21,485972.21246400004,0.485972212464,3738082.023504,3.738082023504,0.1300057648302912,13.00057648302912
FAS19_ME_24,600595.076425,0.600595076425,4621988.325825,4.621988325825,0.12994301025582902,12.994301025582903
FAS16_ME_15,438057.18088000006,0.43805718088000006,3376527.9454720006,3.3765279454720005,0.12973598559059596,12.973598559059596
FAS23_ME_09,673586.614125,0.673586614125,5201187.938775,5.201187938775,0.12950630164762805,12.950630164762805
FAS16_ME_11,672456.7836800001,0.6724567836800001,5207085.480784001,5.207085480784001,0.12914264345411747,12.914264345411747
PR16_ME_10,634669.558784,0.634669558784,4918607.358976,4.918607358976,0.12903440190764306,12.903440190764307
PR20_ME_25,832815.1403999999,0.8328151403999999,6455433.8582999995,6.455433858299999,0.12900994087782613,12.900994087782614
PR9_ME_14,677920.593888,0.677920593888,5256746.840016,5.256746840016,0.1289620015039447,12.89620015039447
PR9_ME_10,326162.856816,0.326162856816,2531883.629952,2.531883629952,0.1288222147959397,12.88222147959397
PR5_ME_41,676816.0965120001,0.676816096512,5271817.326464001,5.271817326464001,0.1283838294461476,12.838382944614759
FAS15_ME_07,703148.11944,0.70314811944,5480411.548976,5.480411548976001,0.12830206511979586,12.830206511979586
FAS23_ME_22,610991.95455,0.61099195455,4763067.172425,4.763067172425,0.1282769972439688,12.82769972439688
FAS20_ME_14,496313.65115200006,0.49631365115200005,3870814.3568160003,3.8708143568160005,0.12821944051076908,12.821944051076908
FAS15_ME_12,608645.3393280001,0.6086453393280001,4753109.538528,4.753109538528,0.1280520329679784,12.80520329679784
PR10_ME_22,827655.931584,0.827655931584,6473786.040288,6.473786040288,0.1278472792324752,12.784727923247521
PR6_ME_41,733601.5871360002,0.7336015871360002,5738188.233152001,5.738188233152001,0.12784550755893048,12.784550755893049
PR1_ME_overview36,614813.8201920001,0.6148138201920001,4809853.175248001,4.8098531752480005,0.12782382284679608,12.782382284679608
PR10_ME_11,447936.845472,0.447936845472,3507503.352768,3.5075033527680004,0.1277081731421593,12.770817314215929
PR5_ME_46,488500.6472960001,0.4885006472960001,3828952.7509760004,3.8289527509760006,0.1275807457199573,12.758074571995731
PR12_ME_10,627817.4965920001,0.6278174965920001,4925165.776432001,4.925165776432001,0.12747134311625502,12.747134311625501
FAS6_ME_new_31,659032.8561,0.6590328561,5172770.0061,5.1727700060999995,0.12740424479009005,12.740424479009004
PR6_ME_22,782882.4478080001,0.7828824478080001,6146044.977600001,6.146044977600001,0.12737987610915788,12.737987610915788
PR13_ME_06,527210.910772,0.527210910772,4145614.133167,4.145614133167,0.12717317479068957,12.717317479068956
PR10_ME_04,538682.3300160001,0.5386823300160001,4253416.957584,4.253416957584,0.12664696064078776,12.664696064078775
FAS16_ME_10,821605.6177120002,0.8216056177120001,6501838.200000001,6.501838200000001,0.1263651282051282,12.636512820512822
PR1_ME_14,245514.87504,0.24551487504000002,1948484.222208,1.948484222208,0.12600300902708125,12.600300902708126
PR5_ME_31,448082.65856000007,0.44808265856000007,3562010.1824640003,3.5620101824640003,0.12579488423866364,12.579488423866364
FAS19_ME_09,450711.01041199995,0.45071101041199996,3583569.3498039995,3.5835693498039993,0.12577153290940252,12.577153290940252
FAS6_ME_new_18,822453.2883,0.8224532883,6540697.876499999,6.5406978764999995,0.12574396552621445,12.574396552621444
PR10_ME_17,762531.768288,0.7625317682880001,6065312.375376,6.065312375376,0.1257201148260281,12.57201148260281
PR22_ME_16,835170.7257,0.8351707257,6643254.3417,6.6432543417,0.125717108324093,12.5717108324093
FAS16_ME_16,381641.2309600001,0.3816412309600001,3040486.2730880002,3.0404862730880002,0.12551980067727617,12.551980067727616
PR16_ME_03,538434.202624,0.538434202624,4300648.232960001,4.30064823296,0.12519838253625612,12.519838253625611
FAS23_ME_21,631805.69025,0.63180569025,5069595.466349999,5.069595466349999,0.12462645085661768,12.462645085661768
FAS19_ME_10,520680.07116799994,0.520680071168,4219887.711859999,4.219887711859999,0.12338718627621963,12.338718627621963
PR1_ME_overview27,576336.2751520001,0.5763362751520001,4671160.630752001,4.671160630752001,0.1233818146517511,12.33818146517511
PR10_ME_12,344367.47980800003,0.34436747980800003,2793305.717856,2.793305717856,0.12328313281523623,12.328313281523624
PR6_ME_46,506555.6619520001,0.5065556619520001,4115582.9684480005,4.115582968448001,0.1230823593730207,12.30823593730207
PR11_ME_15,450933.251072,0.450933251072,3667861.53984,3.66786153984,0.12294173217118513,12.294173217118514
FAS20_ME_16,560665.177952,0.5606651779520001,4571785.868848001,4.571785868848001,0.12263592259916507,12.263592259916507
PR22_ME_11,678031.6931520001,0.6780316931520001,5532470.807072001,5.532470807072,0.12255495181019146,12.255495181019146
PR20_ME_07,795193.8561,0.7951938560999999,6492714.7401,6.4927147401,0.12247478719321535,12.247478719321535
PR20_ME_04,559398.1530720001,0.5593981530720001,4574039.839424001,4.574039839424001,0.12229848726950396,12.229848726950395
PR9_ME_22,654374.8905120001,0.654374890512,5357724.988464001,5.357724988464001,0.12213670763635107,12.213670763635106
PR22_ME_05,679375.3095,0.6793753095,5598940.319999999,5.59894032,0.1213399805447471,12.13399805447471
PR6_ME_17,643216.7569280001,0.6432167569280002,5302151.39744,5.30215139744,0.12131240862691318,12.13124086269132
PR1_ME_overview37,547768.1983840001,0.5477681983840001,4521678.369120001,4.521678369120001,0.12114267173996401,12.114267173996401
FAS16_ME_14,494566.49052800005,0.49456649052800006,4089796.2673920006,4.089796267392001,0.12092692598679919,12.09269259867992
PR6_ME_04,542912.6443520001,0.542912644352,4518349.73536,4.51834973536,0.12015728665340764,12.015728665340763
PR14_ME_13,456892.930416,0.45689293041600004,3809322.1460320004,3.8093221460320006,0.11994074349735026,11.994074349735026
PR12_ME_overview04,725591.8060160001,0.7255918060160002,6071916.652560001,6.0719166525600015,0.11949963208241353,11.949963208241353
PR12_ME_04,725591.8060160001,0.7255918060160002,6071916.652560001,6.0719166525600015,0.11949963208241353,11.949963208241353
PR11_ME_05,334457.08902400004,0.33445708902400006,2800082.751488,2.800082751488,0.11944543026318248,11.944543026318248
FAS19_ME_14,645224.9052510001,0.6452249052510001,5430624.778818001,5.430624778818001,0.11881227879482333,11.881227879482333
FAS15_ME_15,666235.739728,0.666235739728,5627665.772768,5.627665772768,0.11838580445766382,11.838580445766382
PR20_ME_10,642666.3038999999,0.6426663038999999,5431040.1909,5.4310401909,0.11833208396741787,11.833208396741787
PR6_ME_23,599890.2096000001,0.5998902096000001,5077753.358144001,5.077753358144001,0.11814087201337983,11.814087201337983
PR17_ME_17,825680.304,0.825680304,6999519.5982,6.9995195982,0.11796242476588427,11.796242476588427
PR20_ME_11,647363.8584,0.6473638584,5494123.5822,5.4941235822,0.11782841225074474,11.782841225074474
FAS15_ME_11,436160.3862720001,0.4361603862720001,3702101.7698080004,3.7021017698080003,0.1178142615713723,11.78142615713723
PR6_ME_25,597310.9217920001,0.5973109217920001,5077396.648128001,5.077396648128001,0.11764117778984713,11.764117778984714
PR16_ME_05,704688.625664,0.704688625664,5999646.834688,5.999646834688001,0.11745501778366692,11.745501778366691
PR22_ME_25,518920.04243200005,0.5189200424320001,4429905.756496001,4.429905756496001,0.1171401991275,11.71401991275
PR14_ME_04,575202.6213120001,0.5752026213120001,4911588.604560001,4.911588604560001,0.11711131929452975,11.711131929452975
PR24_ME_03,262794.29721600004,0.26279429721600006,2246955.2592960005,2.2469552592960005,0.11695573204173937,11.695573204173936
PR20_ME_06,458703.01787200005,0.4587030178720001,3924936.3248480004,3.9249363248480003,0.11686890688341653,11.686890688341652
PR10_ME_08,283116.92184,0.28311692184000004,2424665.4073920003,2.424665407392,0.1167653569753874,11.676535697538739
PR17_ME_15,674922.8448,0.6749228448,5780524.6296,5.7805246295999995,0.1167580605649462,11.67580605649462
PR14_ME_08,410115.94800000003,0.410115948,3516300.7953920006,3.5163007953920005,0.11663278310474572,11.663278310474572
FAS19_ME_12,779829.2009559999,0.779829200956,6686628.282368,6.686628282368,0.11662517610143441,11.662517610143441
PR6_ME_39,430109.96160000004,0.43010996160000003,3693924.2903040005,3.6939242903040004,0.11643713508936132,11.643713508936132
PR6_ME_18,560281.678208,0.560281678208,4839086.918208001,4.839086918208001,0.11578252006588924,11.578252006588924
FAS24_ME_12,551977.712377,0.551977712377,4779294.270923001,4.779294270923001,0.11549356057341063,11.549356057341063
FAS19_ME_25,446393.133425,0.44639313342500003,3867674.8665,3.8676748665,0.11541640619573522,11.541640619573522
PR11_ME_25,460609.08851200005,0.46060908851200005,3993767.2806400005,3.9937672806400006,0.1153319800942902,11.53319800942902
PR17_ME_37,681867.0558,0.6818670558,5913894.3291,5.9138943291,0.11529916123877872,11.529916123877872
PR1_ME_16,426183.422112,0.426183422112,3696756.424704,3.6967564247039997,0.11528577302631579,11.528577302631579
FAS6_ME_new_14,459001.19583,0.45900119583,3986484.0834419997,3.986484083442,0.11513935242748802,11.513935242748802
PR22_ME_04,598209.7374,0.5982097373999999,5203201.9896,5.2032019896,0.11496953964033747,11.496953964033747
PR20_ME_20,809749.467,0.809749467,7047734.2083,7.0477342083,0.11489500640452238,11.489500640452238
PR17_ME_31,763822.3617,0.7638223617000001,6656312.1816,6.6563121816,0.11475158328833031,11.47515832883303
PR22_ME_03,524737.2618,0.5247372618,4583846.4489,4.5838464489,0.11447531405113337,11.447531405113336
FAS15_ME_10,574241.038592,0.574241038592,5025004.382736,5.025004382736,0.11427672392980857,11.427672392980858
PR20_ME_16,544616.7678,0.5446167678,4777331.2299,4.7773312299,0.11400021091093575,11.400021091093574
PR11_ME_10,445376.182272,0.445376182272,3911208.8514560005,3.9112088514560006,0.11387174635437908,11.387174635437908
PR17_ME_13,705450.141,0.7054501409999999,6201071.4942,6.2010714942,0.11376262016327714,11.376262016327713
PR22_ME_08,491657.94175399997,0.49165794175399996,4325581.64703,4.32558164703,0.11366285088886917,11.366285088886917
PR17_ME_30,672842.573667,0.6728425736670001,5979742.887789001,5.979742887789,0.11252031839713135,11.252031839713135
PR17_ME_44,566729.3142,0.5667293142000001,5042300.5359,5.0423005359,0.11239498918499997,11.239498918499997
PR9_ME_11,452709.444528,0.45270944452800005,4031391.9477600004,4.03139194776,0.11229606309541378,11.229606309541378
PR16_ME_26,582590.017536,0.582590017536,5196800.7608320005,5.196800760832001,0.11210551343952778,11.210551343952778
PR6_ME_38,489570.777344,0.489570777344,4367927.865536001,4.367927865536001,0.11208307289294564,11.208307289294565
PR1_ME_overview31,591167.1348000001,0.5911671348000002,5279812.708896001,5.279812708896001,0.11196744418678671,11.196744418678671
PR16_ME_25,494618.34956800006,0.49461834956800005,4421896.936448,4.421896936448,0.11185659835059716,11.185659835059717
FAS24_ME_21,653391.5227,0.6533915227,5859195.2286,5.8591952286,0.1115155746152056,11.15155746152056
PR1_ME_overview34,520853.9225120001,0.520853922512,4671934.182784,4.671934182784001,0.11148571493822368,11.148571493822368
PR1_ME_overview32,404247.62224000006,0.40424762224000005,3645363.9508000007,3.6453639508000006,0.1108936248056343,11.08936248056343
PR20_ME_26,539633.2752,0.5396332752,4888438.6059,4.8884386059,0.1103897008236333,11.03897008236333
FAS20_ME_07,628124.2499840001,0.6281242499840001,5692302.661408001,5.692302661408001,0.1103462495489712,11.034624954897119
FAS19_ME_28,522164.3146500001,0.5221643146500001,4746666.238275,4.746666238275,0.11000653689098674,11.000653689098675
FAS24_ME_29,617847.9713340001,0.6178479713340002,5638619.173896001,5.638619173896001,0.10957433944011126,10.957433944011125
PR13_ME_10,581669.859472,0.581669859472,5316936.597024,5.316936597024,0.10939943496741578,10.939943496741577
PR1_ME_13,480172.26528000005,0.48017226528000007,4394024.09856,4.39402409856,0.109278477884853,10.9278477884853
PR20_ME_22,692623.7748,0.6926237748,6340473.126,6.340473126,0.10923850019327407,10.923850019327407
PR17_ME_42,487292.98679999996,0.48729298679999994,4461723.648,4.461723648,0.10921630859374999,10.921630859375
PR5_ME_30,462803.80652800004,0.4628038065280001,4267212.164480001,4.267212164480001,0.10845577597016365,10.845577597016366
PR6_ME_52,459113.2298240001,0.4591132298240001,4243134.238400001,4.2431342384000015,0.10820143884892086,10.820143884892087
PR22_ME_09,595350.3563999999,0.5953503563999999,5510313.1251,5.5103131251,0.10804292657855004,10.804292657855004
PR11_ME_09,456163.433472,0.456163433472,4229753.110528001,4.229753110528001,0.10784634978731822,10.784634978731821
FAS20_ME_19,484963.77564800007,0.4849637756480001,4501005.85792,4.50100585792,0.10774564418632215,10.774564418632215
FAS23_ME_11,571749.971625,0.571749971625,5319820.652175,5.319820652175,0.10747542238876812,10.747542238876811
PR14_ME_05,534364.4088640001,0.5343644088640002,4977700.629088,4.977700629088001,0.10735165665475241,10.735165665475241
PR6_ME_24,522319.50073600013,0.5223195007360001,4869517.026496001,4.869517026496,0.10726310184232993,10.726310184232993
FAS6_ME_new_15,408515.49552000005,0.40851549552000005,3810650.6806720006,3.8106506806720004,0.1072036063531174,10.72036063531174
PR11_ME_19,508412.955648,0.508412955648,4746181.320704,4.746181320704,0.10712042404072906,10.712042404072907
PR5_ME_45,448576.5647360001,0.4485765647360001,4192495.135744001,4.192495135744001,0.10699513063511179,10.69951306351118
PR14_ME_12,598708.439472,0.598708439472,5607887.389104,5.607887389104,0.10676185128739872,10.676185128739872
PR9_ME_03,493177.38278399996,0.493177382784,4637631.012336,4.637631012336,0.10634252304078497,10.634252304078498
PR21_ME_09,524247.08219999995,0.5242470821999999,4932350.5284,4.9323505284,0.10628747474078244,10.628747474078244
PR17_ME_41,525404.4506999999,0.5254044507,4951236.0591,4.9512360591,0.1061158152082743,10.61158152082743
PR11_ME_24,336915.274752,0.336915274752,3196269.0682880003,3.196269068288,0.10540892132478072,10.540892132478072
PR16_ME_13,495507.48057600006,0.4955074805760001,4727457.267712001,4.727457267712,0.10481479842456963,10.481479842456963
PR1_ME_overview33,431602.02254400006,0.43160202254400004,4120911.731024001,4.120911731024001,0.10473459533110449,10.473459533110448
PR5_ME_17,356092.63328000007,0.35609263328000007,3402162.9364480004,3.402162936448,0.10466654299978224,10.466654299978224
PR9_ME_04,307614.500928,0.307614500928,2948501.1204000004,2.9485011204000005,0.10432911108620109,10.43291110862011
FAS23_ME_10,560994.34815,0.5609943481499999,5380559.931825,5.380559931825,0.1042631910541176,10.42631910541176
PR17_ME_18,788576.4315,0.7885764314999999,7671732.8390999995,7.6717328391,0.10278987134183246,10.278987134183245
PR17_ME_45,536515.1882999999,0.5365151882999999,5228133.0687,5.2281330687,0.10262079814150694,10.262079814150695
FAS15_ME_14,509412.64940800006,0.509412649408,4986347.252432,4.986347252432,0.1021614868799086,10.21614868799086
PR11_ME_18,377710.697472,0.37771069747200003,3750956.0627200003,3.7509560627200003,0.10069717990727507,10.069717990727508
FAS19_ME_29,490491.1281000001,0.49049112810000006,4875440.979350001,4.87544097935,0.10060446432999234,10.060446432999234
PR16_ME_21,502084.434944,0.502084434944,5026741.380096001,5.026741380096,0.09988268681019973,9.988268681019973
PR22_ME_13,655193.1159,0.6551931159,6566010.2064,6.5660102064,0.09978557682736654,9.978557682736653
FAS15_ME_08,490600.97148699994,0.49060097148699994,4964439.96833,4.96443996833,0.09882302427196726,9.882302427196727
PR17_ME_48,388949.9639520001,0.3889499639520001,3943128.1347040003,3.943128134704,0.09863995048215633,9.863995048215633
PR17_ME_47,568962.3546,0.5689623546,5779530.6543,5.779530654299999,0.09844438737887637,9.844438737887637
PR14_ME_07,457275.94774400006,0.45727594774400004,4740193.481056001,4.740193481056001,0.09646778123540434,9.646778123540434
FAS6_ME_new_32,405923.17319999996,0.4059231732,4221944.126999999,4.2219441269999995,0.09614603154126489,9.614603154126488
FAS19_ME_13,399622.48986,0.39962248986,4190904.5438359994,4.190904543835999,0.09535471058336713,9.535471058336713
PR17_ME_49,369935.8209,0.3699358209,3879717.0696,3.8797170696,0.09535123676895864,9.535123676895864
PR17_ME_46,355870.3896,0.3558703896,3769767.0620999997,3.7697670620999997,0.09440116159372393,9.440116159372392
PR20_ME_05,421585.85744000005,0.42158585744000004,4514022.871424001,4.514022871424,0.0933947100952561,9.33947100952561
PR17_ME_43,407706.8823,0.4077068823,4424469.9984,4.4244699984,0.09214818553350732,9.214818553350732
PR16_ME_17,483765.72108800005,0.48376572108800003,5349051.370496,5.349051370496,0.09043953545788101,9.043953545788101
PR22_ME_10,466201.64790000004,0.4662016479,5166234.2781,5.1662342781,0.09024012903871953,9.024012903871952
PR1_ME_22,350493.1812,0.3504931812,3911001.74352,3.91100174352,0.08961723982371517,8.961723982371517
PR16_ME_16,438943.05792000005,0.43894305792000005,4941672.46336,4.941672463360001,0.08882479791498539,8.88247979149854
PR1_ME_19,284153.949072,0.284153949072,3463049.064384,3.4630490643839997,0.08205311094041479,8.205311094041479
PR10_ME_10,281847.75422400003,0.28184775422400005,3534116.2112160004,3.5341162112160003,0.07975056205834932,7.975056205834933
PR1_ME_overview29,267902.408048,0.26790240804800003,3572423.3290240006,3.5724233290240006,0.07499178663162295,7.499178663162295
PR1_ME_23,330379.690608,0.330379690608,4449383.6991840005,4.449383699184001,0.07425291072752173,7.425291072752173
PR1_ME_18,266157.668016,0.266157668016,3835596.511584,3.8355965115840003,0.06939146680631533,6.939146680631533
PR1_ME_17,344983.00766400003,0.34498300766400003,5087369.506032,5.087369506032,0.06781166716020136,6.781166716020135
PR3_ME_05,257323.450592,0.257323450592,4016783.896112,4.016783896112,0.06406205990844399,6.406205990844399
