stub,n_rois,covered_area_nm2,covered_area_um2,coverage_fraction,coverage_percent,rois_per_nm2,rois_per_um2
PR1_ME_10,593,3526226.054064,3.526226054064,0.33037694295247394,33.03769429524739,0.00016816845854693955,168.16845854693955
PR3_ME_06,61,367978.804544,0.367978804544,0.034327189127604164,3.4327189127604165,0.00016577041733583354,165.77041733583354
FAS16_ME_20,349,2136163.936368,2.1361639363680003,0.20366287231445312,20.366287231445312,0.00016337697405068317,163.37697405068317
PR5_ME_36,549,3480954.6911360007,3.4809546911360005,0.32262293497721356,32.26229349772136,0.00015771535360629334,157.71535360629335
FAS20_ME_05,633,4209416.753168001,4.209416753168001,0.40132776896158856,40.13277689615886,0.00015037712754946517,150.37712754946517
PR5_ME_38,441,3043641.9311360004,3.0436419311360003,0.28209177652994794,28.209177652994793,0.00014489220807764413,144.89220807764414
PR1_ME_overview28,206,1436286.0668640002,1.436286066864,0.13693618774414062,13.693618774414062,0.00014342546707967602,143.42546707967603
FAS6_ME_new_04,729,5103696.250576001,5.103696250576001,0.4865887959798177,48.658879597981766,0.0001428376541644157,142.8376541644157
FAS23_ME_16,589,4251470.5709999995,4.251470571,0.3875223795572917,38.75223795572917,0.0001385402980365591,138.54029803655908
FAS6_ME_new_03,830,6003857.410848001,6.003857410848001,0.5724105834960938,57.241058349609375,0.00013824445572280315,138.24445572280314
PR5_ME_01,149,1100170.015632,1.100170015632,0.10581588745117188,10.581588745117188,0.00013543361288064732,135.43361288064733
PR21_ME_05,468,3502544.1954030003,3.5025441954030003,0.3202857971191406,32.02857971191406,0.0001336171576690561,133.61715766905613
FAS23_ME_07,378,2859266.01645,2.85926601645,0.26062266031901044,26.062266031901043,0.00013220176011090995,132.20176011090996
PR5_ME_37,375,2838808.0642560003,2.8388080642560003,0.2631072998046875,26.31072998046875,0.00013209769435338018,132.09769435338018
FAS6_ME_new_38,569,4330273.8186,4.3302738186,0.40439097086588544,40.439097086588546,0.00013140046653769362,131.4004665376936
FAS20_ME_26,779,5993886.029436,5.993886029436,0.5258738199869791,52.587381998697914,0.00012996576781312285,129.96576781312285
PR9_ME_17,240,1854610.840368,1.8546108403680002,0.17837905883789062,17.837905883789062,0.00012940720218823813,129.4072021882381
PR21_ME_03,794,6202353.529680001,6.202353529680001,0.5913352966308594,59.13352966308594,0.00012801592108551817,128.01592108551816
PR21_ME_04,531,4258563.981408001,4.258563981408001,0.40601348876953125,40.601348876953125,0.00012468991949357455,124.68991949357456
FAS6_ME_new_19,655,5261492.5137,5.2614925137,0.49135462443033856,49.13546244303386,0.00012448939123157457,124.48939123157456
FAS4_ME_new_13,646,5192054.564576001,5.192054564576001,0.49501291910807294,49.501291910807296,0.00012442088039819248,124.4208803981925
PR1_ME_11,428,3480787.480176,3.4807874801759997,0.32611974080403644,32.61197408040364,0.00012296068129340632,122.96068129340632
PR6_ME_37,497,4057466.675072001,4.057466675072001,0.37605539957682294,37.605539957682296,0.00012249022353120882,122.49022353120883
FAS4_ME_new_03,441,3621663.9169920003,3.6216639169920004,0.3452911376953125,34.52911376953125,0.00012176723464894993,121.76723464894992
FAS24_ME_06,655,5382487.422,5.3824874220000005,0.5021095275878906,50.21095275878906,0.00012169094856084551,121.69094856084551
FAS6_ME_new_09,550,4522945.394,4.522945394000001,0.43121973673502606,43.12197367350261,0.00012160217559327888,121.60217559327889
PR6_ME_43,682,5624960.242304001,5.624960242304001,0.5213343302408854,52.13343302408854,0.00012124530141045952,121.24530141045953
PR13_ME_04,464,3839814.3888000003,3.8398143888000003,0.3582000732421875,35.82000732421875,0.00012083917424586947,120.83917424586947
FAS6_ME_new_21,480,3998027.3625,3.9980273625,0.3733634948730469,37.33634948730469,0.00012005920832414013,120.05920832414013
FAS6_ME_new_26,623,5198994.6147,5.1989946147,0.4855181376139323,48.551813761393234,0.0001198308608049884,119.8308608049884
FAS6_ME_new_20,724,6083796.0249,6.0837960249,0.5681470235188802,56.81470235188802,0.000119004647269038,119.004647269038
PR11_ME_06,493,4164781.169664,4.164781169664,0.4050178527832031,40.50178527832031,0.0001183735663210784,118.37356632107841
FAS23_ME_08,515,4363156.07235,4.36315607235,0.39770253499348956,39.770253499348954,0.00011803382493320265,118.03382493320267
PR5_ME_09,233,1975130.7978240002,1.9751307978240003,0.1830596923828125,18.30596923828125,0.000117966870982264,117.966870982264
FAS4_ME_new_14,598,5079996.216768,5.079996216768,0.4843292236328125,48.43292236328125,0.000117716623100255,117.716623100255
PR1_ME_08,202,1721467.7868960002,1.7214677868960002,0.16128667195638022,16.128667195638023,0.00011734172520545894,117.34172520545893
FAS4_ME_new_19,572,4886181.421440001,4.886181421440001,0.465850830078125,46.5850830078125,0.00011706483052187338,117.06483052187336
FAS6_ME_new_07,701,6002457.014928001,6.002457014928001,0.5722770690917969,57.22770690917969,0.00011678550937668122,116.78550937668122
PR6_ME_36,499,4274785.392512001,4.274785392512001,0.39619700113932294,39.619700113932296,0.00011673100616327585,116.73100616327585
PR21_ME_06,345,2962876.9761,2.9628769761,0.27669397989908856,27.669397989908855,0.00011644087918024845,116.44087918024846
FAS20_ME_29,509,4468556.683888,4.468556683888001,0.42603429158528644,42.60342915852864,0.00011390702546870893,113.90702546870892
FAS24_ME_11,805,7095491.731744001,7.0954917317440005,0.6619084676106771,66.19084676106772,0.0001134523202103907,113.45232021039071
PR11_ME_21,289,2552289.7848320003,2.5522897848320003,0.24820582071940103,24.820582071940102,0.00011323165641985394,113.23165641985393
FAS6_ME_new_29,544,4806891.783,4.806891783,0.44890085856119794,44.890085856119796,0.00011317084397945142,113.1708439794514
PR1_ME_03,556,4915196.940816,4.915196940816,0.4605115254720052,46.051152547200516,0.00011311855998748551,113.11855998748551
FAS20_ME_18,257,2274376.34512,2.2743763451200003,0.2168401082356771,21.68401082356771,0.0001129980095648771,112.9980095648771
FAS6_ME_new_05,444,3930311.1777600003,3.93031117776,0.37471771240234375,37.471771240234375,0.00011296815440782697,112.96815440782697
PR9_ME_16,487,4314905.48448,4.31490548448,0.4150136311848958,41.50136311848958,0.00011286458110187077,112.8645811018708
PR12_ME_06,711,6301594.920544001,6.301594920544002,0.6007970174153646,60.07970174153646,0.00011282857894944176,112.82857894944175
FAS4_ME_new_01,265,2359080.2926240005,2.3590802926240007,0.22491582234700522,22.491582234700523,0.00011233191207122544,112.33191207122543
FAS23_ME_06,471,4201224.851028,4.201224851028,0.4161224365234375,41.61224365234375,0.0001121101623220073,112.1101623220073
FAS24_ME_19,568,5076173.150373001,5.076173150373001,0.4836997985839844,48.36997985839844,0.0001118953162498531,111.89531624985308
FAS15_ME_13,356,3200772.222752,3.200772222752,0.29858652750651044,29.858652750651043,0.00011122315967048535,111.22315967048534
PR5_ME_25,392,3528026.6936320006,3.5280266936320004,0.3269856770833333,32.69856770833333,0.00011111027042611387,111.11027042611389
FAS6_ME_new_02,636,5729046.382928001,5.729046382928001,0.546209971110026,54.6209971110026,0.0001110132398116409,111.0132398116409
FAS24_ME_23,421,3798103.94496,3.79810394496,0.35430908203125,35.430908203125,0.00011084478100149358,110.84478100149357
PR5_ME_12,274,2476473.0056960005,2.4764730056960005,0.2295252482096354,22.95252482096354,0.00011064122216143182,110.64122216143183
PR11_ME_08,321,2904542.569472,2.904542569472,0.28246180216471356,28.246180216471355,0.0001105165417005242,110.5165417005242
FAS6_ME_new_01,732,6635035.857648001,6.635035857648001,0.6325874328613281,63.25874328613281,0.00011032344296319758,110.32344296319759
FAS23_ME_20,548,4987986.6501,4.9879866501,0.4546559651692708,45.46559651692708,0.00010986396685504633,109.86396685504634
PR13_ME_08,453,4129265.78584,4.12926578584,0.38520177205403644,38.52017720540364,0.00010970473287367915,109.70473287367913
FAS24_ME_18,604,5510271.7429760005,5.510271742976,0.535864512125651,53.5864512125651,0.00010961346884024821,109.61346884024822
FAS19_ME_05,501,4579527.881287999,4.579527881288,0.43518320719401044,43.518320719401046,0.00010939992352641665,109.39992352641664
FAS20_ME_25,721,6591543.561504001,6.591543561504001,0.6284408569335938,62.844085693359375,0.00010938257378905776,109.38257378905776
FAS4_ME_new_10,376,3439359.0424160003,3.439359042416,0.3279101053873698,32.791010538736984,0.00010932269511934303,109.32269511934304
FAS24_ME_15,390,3571115.7276319996,3.571115727632,0.3547007242838542,35.47007242838542,0.00010920956634990048,109.20956634990047
PR16_ME_08,559,5119642.494976,5.1196424949759995,0.49787648518880206,49.787648518880204,0.00010918731152586475,109.18731152586477
FAS4_ME_new_04,340,3115054.0215520007,3.115054021552001,0.29699071248372394,29.699071248372395,0.00010914738481183809,109.14738481183808
PR17_ME_23,674,6198920.1504,6.198920150399999,0.5788981119791666,57.889811197916664,0.00010872861460499836,108.72861460499836
FAS24_ME_25,639,5885101.048400001,5.885101048400001,0.5378672281901041,53.786722819010414,0.00010857927412711576,108.57927412711575
PR1_ME_06,337,3103897.0390560003,3.103897039056,0.29080835978190106,29.080835978190105,0.00010857318904575941,108.57318904575942
PR17_ME_19,543,5003508.267,5.003508267,0.46726226806640625,46.726226806640625,0.00010852385386895175,108.52385386895175
FAS23_ME_13,400,3695135.5979999998,3.695135598,0.3368123372395833,33.68123372395833,0.00010825042529332371,108.2504252933237
FAS6_ME_new_06,820,7584597.651136001,7.584597651136001,0.7231190999348959,72.31190999348959,0.0001081138430431023,108.1138430431023
FAS19_ME_06,634,5872824.813816,5.872824813816,0.5580825805664062,55.808258056640625,0.00010795486330675072,107.95486330675071
FAS20_ME_06,629,5834369.4932160005,5.834369493216,0.5562515258789062,55.625152587890625,0.00010780942152041948,107.80942152041949
FAS24_ME_05,668,6207614.908751001,6.207614908751001,0.5556627909342448,55.56627909342448,0.00010760976797357498,107.60976797357498
PR5_ME_43,556,5186220.642240001,5.186220642240001,0.4806709289550781,48.06709289550781,0.0001072071626632252,107.20716266322519
FAS24_ME_13,742,6923550.897790001,6.923550897790001,0.6197484334309896,61.97484334309896,0.00010717044056639297,107.17044056639297
PR17_ME_21,594,5544789.090299999,5.544789090299999,0.5178108215332031,51.78108215332031,0.00010712760942325793,107.12760942325794
FAS6_ME_new_25,625,5842028.5533,5.8420285533,0.545569101969401,54.5569101969401,0.0001069833867290763,106.9833867290763
PR6_ME_14,647,6057772.968256001,6.0577729682560015,0.5614484151204427,56.14484151204427,0.00010680492705659579,106.80492705659579
FAS4_ME_new_16,713,6683022.757840001,6.683022757840001,0.6371625264485677,63.71625264485677,0.00010668824958938888,106.68824958938887
PR16_ME_07,345,3241444.7687680004,3.2414447687680004,0.31522496541341144,31.522496541341145,0.00010643402081816951,106.43402081816951
PR24_ME_06,360,3398627.5268000006,3.3986275268000004,0.32402674357096356,32.40267435709636,0.00010592511158142719,105.9251115814272
PR17_ME_08,376,3559657.023,3.559657023,0.33242543538411456,33.242543538411454,0.00010562815394026796,105.62815394026796
PR6_ME_02,531,5027333.769344001,5.0273337693440014,0.46594492594401044,46.594492594401046,0.00010562258731217846,105.62258731217845
PR12_ME_09,462,4377664.320128,4.377664320128001,0.4173685709635417,41.73685709635417,0.00010553573006403821,105.5357300640382
PR12_ME_07,648,6144630.543568001,6.1446305435680015,0.5858319600423177,58.58319600423177,0.000105457927113015,105.45792711301499
FAS6_ME_new_17,675,6404157.250304,6.404157250304,0.6105753580729166,61.057535807291664,0.00010540028509886422,105.40028509886422
PR24_ME_04,156,1481392.1525920003,1.4813921525920004,0.14123662312825522,14.123662312825521,0.00010530634965700737,105.30634965700736
FAS15_ME_05,472,4491846.76824,4.49184676824,0.4190254211425781,41.90254211425781,0.00010507927459532185,105.07927459532185
FAS6_ME_new_34,496,4723465.9383,4.7234659382999995,0.44110997517903644,44.11099751790364,0.00010500763771327481,105.0076377132748
PR10_ME_14,494,4708294.563456,4.708294563456,0.452850341796875,45.2850341796875,0.00010492121793615909,104.9212179361591
PR5_ME_47,280,2668972.9377920004,2.668972937792,0.24736658732096353,24.736658732096352,0.00010490926904325963,104.90926904325963
FAS6_ME_new_14,417,3986484.0834419997,3.986484083442,0.34975433349609375,34.975433349609375,0.00010460345288521883,104.60345288521883
FAS4_ME_new_15,446,4273448.189472001,4.273448189472001,0.40743255615234375,40.743255615234375,0.00010436536965599782,104.36536965599782
PR9_ME_10,264,2531883.629952,2.531883629952,0.24352010091145834,24.352010091145836,0.0001042701950740939,104.27019507409389
FAS23_ME_12,488,4685476.020975,4.685476020975,0.4270820617675781,42.70820617675781,0.00010415163748900206,104.15163748900206
PR21_ME_08,678,6522779.0889,6.5227790889,0.6091423034667969,60.91423034667969,0.00010394342515045037,103.94342515045037
FAS19_ME_20,613,5905356.831225,5.905356831225,0.5590324401855469,55.90324401855469,0.00010380405748873942,103.80405748873943
PR10_ME_07,372,3585451.3971840004,3.5854513971840003,0.3448537190755208,34.48537190755208,0.00010375262659875054,103.75262659875054
PR22_ME_26,454,4392201.763488,4.392201763488,0.41875457763671875,41.875457763671875,0.00010336501473453779,103.3650147345378
PR17_ME_09,521,5052580.6914,5.0525806914,0.47184499104817706,47.184499104817704,0.00010311562186167444,103.11562186167444
PR10_ME_29,345,3351894.3143840004,3.3518943143840003,0.31957117716471356,31.957117716471355,0.00010292687287886727,102.92687287886729
PR5_ME_23,511,4973141.2861440005,4.973141286144,0.4609222412109375,46.09222412109375,0.00010275195708268556,102.75195708268556
PR12_ME_08,494,4814334.442192,4.814334442192,0.4590009053548177,45.900090535481766,0.00010261023739245633,102.61023739245634
PR10_ME_15,651,6350557.797072,6.350557797072,0.6108055114746094,61.08055114746094,0.00010251068029018668,102.51068029018668
FAS6_ME_new_28,439,4282917.022799999,4.2829170227999995,0.3999684651692708,39.99684651692708,0.00010250023469121505,102.50023469121506
PR20_ME_12,652,6370068.6166590005,6.370068616659,0.5825030008951823,58.25030008951823,0.00010235368553093603,102.35368553093603
FAS6_ME_new_27,572,5603610.6422999995,5.6036106423,0.5233039855957031,52.33039855957031,0.00010207704219885321,102.0770421988532
PR16_ME_29,402,3938497.3281280003,3.9384973281280002,0.3830121358235677,38.301213582356766,0.00010206938497304348,102.06938497304348
PR10_ME_11,358,3507503.352768,3.5075033527680004,0.3373565673828125,33.73565673828125,0.00010206690172298161,102.06690172298161
FAS16_ME_07,505,4951573.242352,4.9515732423520005,0.47208531697591144,47.20853169759114,0.00010198778757438407,101.98778757438407
FAS16_ME_19,465,4572946.196896001,4.572946196896001,0.43598683675130206,43.598683675130204,0.00010168499255810841,101.6849925581084
FAS20_ME_28,383,3767011.6763840006,3.7670116763840005,0.35914866129557294,35.914866129557296,0.00010167210322205486,101.67210322205486
PR11_ME_04,207,2036423.819264,2.036423819264,0.19803873697916666,19.803873697916664,0.00010164878157573972,101.64878157573973
PR13_ME_20,412,4053826.0979040004,4.053826097904,0.3864936828613281,38.64936828613281,0.00010163238137250669,101.63238137250669
FAS24_ME_31,543,5342915.3354,5.3429153354,0.48831431070963544,48.831431070963546,0.00010162990912513646,101.62990912513646
PR6_ME_31,376,3703239.9095680006,3.7032399095680004,0.34322484334309894,34.32248433430989,0.00010153271437492746,101.53271437492747
PR24_ME_07,238,2348930.7564800004,2.3489307564800006,0.22394816080729166,22.394816080729164,0.00010132269729255699,101.322697292557
FAS6_ME_new_35,590,5831040.360599999,5.831040360599999,0.5445429484049479,54.45429484049479,0.00010118263011633322,101.18263011633321
FAS4_ME_new_08,446,4408446.356160001,4.408446356160001,0.4203033447265625,42.03033447265625,0.00010116942885712927,101.16942885712928
PR16_ME_06,470,4647579.307008,4.647579307008,0.4519691467285156,45.19691467285156,0.00010112791389945634,101.12791389945635
PR10_ME_06,423,4192087.07664,4.19208707664,0.40320078531901044,40.320078531901046,0.00010090439255356278,100.90439255356279
PR16_ME_09,470,4659242.61376,4.65924261376,0.45310338338216144,45.31033833821614,0.00010087476419707427,100.87476419707427
FAS19_ME_23,524,5199963.5353500005,5.19996353535,0.49225616455078125,49.225616455078125,0.00010076993741163426,100.76993741163427
PR6_ME_34,429,4263315.793536001,4.263315793536001,0.39513397216796875,39.513397216796875,0.00010062590264846103,100.62590264846102
PR13_ME_05,307,3055208.226096,3.055208226096,0.2850074768066406,28.500747680664062,0.00010048414945265126,100.48414945265125
FAS19_ME_07,608,6051621.254783999,6.051621254783999,0.5750732421875,57.50732421875,0.00010046894450298862,100.46894450298862
PR17_ME_10,390,3882617.2989,3.8826172988999996,0.36258570353190106,36.25857035319011,0.00010044770575521119,100.44770575521119
FAS6_ME_new_23,523,5213305.135799999,5.2133051358,0.48685455322265625,48.685455322265625,0.00010032023570010043,100.32023570010043
PR17_ME_12,683,6809152.9041,6.8091529041,0.6358858744303385,63.58858744303385,0.00010030616283983648,100.30616283983646
FAS24_ME_07,622,6214817.026778,6.214817026778,0.5563074747721354,55.63074747721354,0.0001000833970364641,100.0833970364641
PR5_ME_40,462,4616307.7936,4.616307793600001,0.42785008748372394,42.78500874837239,0.00010007998180721654,100.07998180721654
FAS6_ME_new_36,516,5156294.5251,5.1562945251,0.48153050740559894,48.15305074055989,0.0001000718631350859,100.07186313508592
PR10_ME_19,408,4077901.6526880004,4.077901652688,0.39221827189127606,39.22182718912761,0.00010005145654531949,100.0514565453195
FAS6_ME_new_37,464,4638651.2513999995,4.6386512514,0.43318939208984375,43.318939208984375,0.00010002907630961896,100.02907630961894
PR5_ME_14,510,5099992.855680001,5.099992855680001,0.47267913818359375,47.267913818359375,0.0001000001400849021,100.0001400849021
PR1_ME_09,604,6043126.749264,6.043126749264,0.5661888122558594,56.61888122558594,9.994825941282167e-05,99.94825941282167
PR5_ME_39,509,5093777.869632001,5.093777869632001,0.4721031188964844,47.21031188964844,9.992583364000767e-05,99.92583364000767
PR6_ME_15,614,6147705.051136001,6.147705051136001,0.5697835286458334,56.978352864583336,9.987466784642543e-05,99.87466784642542
FAS24_ME_03,721,7224519.881297001,7.224519881297001,0.6466890970865885,64.66890970865884,9.979901942917218e-05,99.79901942917218
FAS16_ME_04,412,4132021.5386560005,4.132021538656001,0.39394887288411456,39.394887288411454,9.970906398856984e-05,99.70906398856985
PR5_ME_05,435,4363304.354944001,4.363304354944001,0.40440114339192706,40.440114339192704,9.969508533300168e-05,99.69508533300169
FAS20_ME_12,463,4650208.040368001,4.650208040368001,0.44335301717122394,44.33530171712239,9.956543792895765e-05,99.56543792895766
FAS24_ME_26,667,6712028.1728,6.7120281728,0.6134440104166666,61.344401041666664,9.937383795600984e-05,99.37383795600984
PR11_ME_23,524,5273161.423872001,5.273161423872001,0.5128059387207031,51.28059387207031,9.937112822448643e-05,99.37112822448643
PR9_ME_15,488,4910938.3261440005,4.9109383261440005,0.4723409016927083,47.23409016927083,9.937001191851063e-05,99.37001191851064
PR1_ME_12,191,1922914.845504,1.9229148455040002,0.1801605224609375,18.01605224609375,9.932837142870905e-05,99.32837142870905
FAS23_ME_05,446,4492265.404725,4.492265404725,0.4094708760579427,40.947087605794266,9.928175648992013e-05,99.28175648992014
FAS24_ME_27,612,6185187.555328,6.1851875553280005,0.6014989217122396,60.14989217122396,9.894606986861947e-05,98.94606986861947
FAS6_ME_new_18,647,6540697.876499999,6.5406978764999995,0.610815684000651,61.0815684000651,9.891910805490636e-05,98.91910805490636
PR5_ME_44,557,5631888.648384001,5.631888648384001,0.5219764709472656,52.19764709472656,9.890110312458398e-05,98.901103124584
FAS20_ME_11,492,4975793.423216001,4.975793423216001,0.4743944803873698,47.439448038736984,9.887870298321307e-05,98.87870298321307
FAS24_ME_10,693,7027005.646492001,7.027005646492,0.6695912679036459,66.95912679036459,9.861953083045511e-05,98.61953083045512
FAS15_ME_04,594,6024419.331216,6.024419331216,0.5619926452636719,56.19926452636719,9.859871422331818e-05,98.59871422331817
PR22_ME_21,567,5751466.054752001,5.751466054752001,0.5483474731445312,54.834747314453125,9.85835601918455e-05,98.58356019184549
PR22_ME_17,662,6721301.8269,6.7213018268999996,0.6276817321777344,62.76817321777344,9.84928243142635e-05,98.4928243142635
FAS6_ME_new_13,548,5563893.024096001,5.563893024096001,0.5304641723632812,53.046417236328125,9.849218840598339e-05,98.49218840598338
PR16_ME_18,493,5010462.437376,5.010462437376,0.4872589111328125,48.72589111328125,9.839411155393995e-05,98.39411155393995
PR20_ME_28,482,4900802.0247,4.9008020247,0.4576708475748698,45.767084757486984,9.83512489528702e-05,98.3512489528702
PR13_ME_16,589,5992236.861312,5.9922368613120005,0.558990478515625,55.8990478515625,9.829384479154892e-05,98.29384479154892
FAS19_ME_16,240,2444327.4558079997,2.4443274558079997,0.23227945963541666,23.227945963541664,9.818651728913519e-05,98.1865172891352
FAS23_ME_17,395,4025435.075325,4.025435075325,0.36691919962565106,36.69191996256511,9.812603920039849e-05,98.12603920039848
PR6_ME_44,418,4263137.438528,4.263137438528,0.39511744181315106,39.51174418131511,9.804985319552102e-05,98.04985319552104
PR22_ME_19,432,4412020.700032,4.412020700032,0.4206441243489583,42.06441243489583,9.79143184883214e-05,97.9143184883214
FAS6_ME_new_12,394,4028845.7021120004,4.028845702112,0.38411204020182294,38.411204020182296,9.779476036857342e-05,97.79476036857342
FAS24_ME_17,656,6708848.247114,6.708848247114,0.6392745971679688,63.927459716796875,9.778131444278784e-05,97.78131444278783
FAS6_ME_new_33,482,4931329.3209,4.9313293209,0.4605216979980469,46.05216979980469,9.774240749997849e-05,97.7424074999785
PR13_ME_09,311,3185410.2390240002,3.1854102390240002,0.2971534729003906,29.715347290039062,9.763263650941533e-05,97.63263650941532
PR6_ME_35,515,5276921.023616001,5.276921023616001,0.48907725016276044,48.907725016276046,9.759479016176314e-05,97.59479016176314
PR5_ME_04,377,3866777.7322880006,3.866777732288001,0.3583819071451823,35.838190714518234,9.749719950335143e-05,97.49719950335142
FAS23_ME_21,494,5069595.466349999,5.069595466349999,0.46209462483723956,46.209462483723954,9.744367243480858e-05,97.44367243480859
FAS19_ME_15,546,5615027.161392,5.615027161392,0.5335845947265625,53.35845947265625,9.723906658087175e-05,97.23906658087175
PR20_ME_24,599,6160468.284,6.160468284,0.5753072102864584,57.530721028645836,9.723286808500028e-05,97.23286808500026
PR13_ME_12,522,5369824.349344,5.369824349344,0.5009282430013021,50.09282430013021,9.720988360890607e-05,97.20988360890607
PR5_ME_41,512,5271817.326464001,5.271817326464001,0.48860422770182294,48.860422770182296,9.712020889453258e-05,97.12020889453257
PR6_ME_30,455,4686730.582528001,4.686730582528001,0.4343770345052083,43.43770345052083,9.708260203738341e-05,97.08260203738341
PR16_ME_30,257,2649728.082944,2.649728082944,0.25768152872721356,25.768152872721355,9.699108435098677e-05,96.99108435098677
PR6_ME_47,422,4353055.801792,4.353055801792,0.40345128377278644,40.34512837727864,9.69433931506868e-05,96.94339315068679
PR22_ME_18,592,6106684.688999999,6.106684689,0.5702845255533854,57.02845255533854,9.694294533765146e-05,96.94294533765145
FAS24_ME_22,517,5342962.995403001,5.342962995403001,0.47826512654622394,47.82651265462239,9.676278882051372e-05,96.76278882051372
PR6_ME_13,592,6120526.491840001,6.1205264918400015,0.5672645568847656,56.72645568847656,9.672370518929463e-05,96.72370518929463
FAS19_ME_21,579,5987951.58275,5.98795158275,0.5668512980143229,56.68512980143229,9.669416861485227e-05,96.69416861485226
FAS20_ME_21,611,6323801.198704001,6.323801198704,0.6029141743977865,60.29141743977865,9.661910309976511e-05,96.61910309976511
PR13_ME_15,510,5284898.542400001,5.284898542400001,0.4830118815104167,48.30118815104167,9.650137952665343e-05,96.50137952665344
PR9_ME_12,392,4062552.6568320002,4.0625526568320005,0.3907419840494792,39.07419840494792,9.649105700593766e-05,96.49105700593765
PR20_ME_13,658,6822741.7719,6.8227417719,0.6371548970540365,63.71548970540365,9.644216680016015e-05,96.44216680016015
PR5_ME_20,414,4295556.891136001,4.295556891136001,0.3981221516927083,39.81221516927083,9.637865601414809e-05,96.37865601414809
FAS6_ME_new_15,367,3810650.6806720006,3.8106506806720004,0.36330922444661456,36.330922444661454,9.630901144034549e-05,96.30901144034549
PR10_ME_12,269,2793305.717856,2.793305717856,0.26866404215494794,26.866404215494793,9.63016680488775e-05,96.3016680488775
PR20_ME_19,483,5019384.639599999,5.019384639599999,0.4687449137369792,46.87449137369792,9.622693510862136e-05,96.22693510862138
PR6_ME_10,485,5040285.086848001,5.040285086848001,0.46714528401692706,46.714528401692704,9.622471579346719e-05,96.2247157934672
PR5_ME_24,641,6664179.995456001,6.664179995456001,0.617651621500651,61.7651621500651,9.618587739782967e-05,96.18587739782967
PR6_ME_09,366,3810829.1382400007,3.810829138240001,0.3531964619954427,35.319646199544266,9.604209129382118e-05,96.04209129382117
PR5_ME_11,166,1732650.3046400002,1.7326503046400001,0.1605860392252604,16.05860392252604,9.58069839917816e-05,95.80698399178159
PR10_ME_05,180,1880205.720624,1.8802057206240002,0.18084081013997397,18.084081013997398,9.573420505297784e-05,95.73420505297784
FAS6_ME_new_08,353,3692523.9505440006,3.6925239505440004,0.3520469665527344,35.20469665527344,9.559856746440178e-05,95.59856746440178
PR17_ME_38,524,5486593.8789,5.4865938789,0.5123761494954427,51.23761494954427,9.550551973878848e-05,95.50551973878848
PR5_ME_46,365,3828952.7509760004,3.8289527509760006,0.35487620035807294,35.487620035807296,9.532632647581286e-05,95.32632647581286
FAS24_ME_20,605,6349012.786,6.349012786,0.5802663167317709,58.026631673177086,9.529040504282266e-05,95.29040504282267
PR5_ME_15,420,4410074.525888001,4.4100745258880005,0.4087359110514323,40.873591105143234,9.523648580869048e-05,95.23648580869049
FAS24_ME_24,411,4319398.371574,4.3193983715740005,0.41158803304036456,41.158803304036454,9.515214033157828e-05,95.15214033157828
FAS20_ME_27,575,6053178.021440001,6.053178021440001,0.5771128336588541,57.711283365885414,9.499142400295907e-05,94.99142400295908
PR5_ME_34,305,3213769.2952199997,3.2137692952199997,0.3237152099609375,32.37152099609375,9.490413653949641e-05,94.9041365394964
PR5_ME_03,645,6804531.667136001,6.804531667136001,0.6306597391764323,63.06597391764323,9.478977122190068e-05,94.78977122190068
FAS16_ME_08,552,5829128.011344001,5.829128011344,0.5557518005371094,55.57518005371094,9.469683954885859e-05,94.6968395488586
PR9_ME_08,89,940069.8090720001,0.9400698090720001,0.09041722615559895,9.041722615559895,9.467382011539898e-05,94.67382011539898
PR11_ME_20,250,2643294.958592,2.643294958592,0.25705591837565106,25.705591837565105,9.457892664886977e-05,94.57892664886975
PR22_ME_12,441,4666291.9344,4.666291934399999,0.4357706705729167,43.57706705729167,9.450758893778998e-05,94.50758893778999
FAS24_ME_09,549,5815532.739790001,5.815532739790001,0.5205663045247396,52.05663045247396,9.440235737024231e-05,94.4023573702423
PR12_ME_overview03,498,5284707.426064,5.284707426064,0.5038464864095052,50.38464864095052,9.423416659622075e-05,94.23416659622076
PR12_ME_03,498,5284707.426064,5.284707426064,0.5038464864095052,50.38464864095052,9.423416659622075e-05,94.23416659622076
PR5_ME_45,395,4192495.135744001,4.192495135744001,0.3885701497395833,38.85701497395833,9.421597096973214e-05,94.21597096973214
PR6_ME_26,329,3495319.1290880004,3.4953191290880006,0.3239542643229167,32.39542643229167,9.412588317388998e-05,94.12588317388997
FAS24_ME_04,581,6173974.5911,6.1739745910999995,0.5642687479654948,56.42687479654948,9.410469567489503e-05,94.10469567489504
FAS15_ME_11,348,3702101.7698080004,3.7021017698080003,0.3453534444173177,34.535344441731766,9.400065736659857e-05,94.00065736659857
PR11_ME_11,279,2968520.77568,2.96852077568,0.28868357340494794,28.868357340494793,9.3986204269057e-05,93.986204269057
PR20_ME_27,509,5419970.3016,5.4199703016,0.5061543782552084,50.615437825520836,9.391195369645123e-05,93.91195369645122
FAS23_ME_19,376,4005402.5522249998,4.005402552225,0.3650932312011719,36.50932312011719,9.387321126839851e-05,93.8732112683985
PR22_ME_14,641,6830380.404,6.8303804040000005,0.6378682454427084,63.786824544270836,9.384543203839983e-05,93.84543203839982
PR22_ME_15,689,7343326.123199999,7.343326123199999,0.6857706705729166,68.57706705729166,9.382669221556439e-05,93.82669221556439
PR9_ME_13,280,2984236.121088,2.984236121088,0.2870279947916667,28.702799479166668,9.382635577037279e-05,93.82635577037279
PR22_ME_05,525,5598940.319999999,5.59894032,0.5228678385416666,52.286783854166664,9.376774353615544e-05,93.76774353615544
PR11_ME_12,420,4480121.942016,4.480121942016,0.4356842041015625,43.56842041015625,9.374744826945607e-05,93.74744826945607
FAS23_ME_24,542,5783164.347507,5.783164347507,0.5380287170410156,53.80287170410156,9.372031770697382e-05,93.72031770697382
PR17_ME_11,478,5102102.4470999995,5.102102447099999,0.4764696756998698,47.646967569986984,9.368686829714523e-05,93.68686829714522
FAS4_ME_new_07,432,4612063.922928001,4.612063922928001,0.4397163391113281,43.97163391113281,9.366739213053704e-05,93.66739213053704
PR17_ME_07,427,4567575.2094,4.5675752094,0.42655181884765625,42.655181884765625,9.34850506941277e-05,93.48505069412771
FAS23_ME_22,445,4763067.172425,4.763067172425,0.4341545104980469,43.41545104980469,9.34271938418704e-05,93.42719384187039
FAS19_ME_04,420,4496164.475567999,4.4961644755679995,0.4272613525390625,42.72613525390625,9.341295281395184e-05,93.41295281395183
PR3_ME_04,301,3222608.86688,3.22260886688,0.3006235758463542,30.062357584635418,9.34025854311684e-05,93.4025854311684
PR9_ME_21,349,3738082.023504,3.738082023504,0.35953394571940106,35.95339457194011,9.33633873750193e-05,93.36338737501931
PR17_ME_54,496,5317046.2017,5.3170462017,0.49654261271158856,49.65426127115886,9.328487682529742e-05,93.28487682529742
PR5_ME_18,469,5027951.152064001,5.027951152064001,0.4660021464029948,46.600214640299484,9.327855140507341e-05,93.2785514050734
FAS20_ME_17,621,6658149.058880001,6.658149058880001,0.6347910563151041,63.479105631510414,9.32691645243012e-05,93.26916452430119
FAS6_ME_new_16,483,5187679.994464001,5.187679994464001,0.49459584554036456,49.459584554036454,9.310520319592387e-05,93.10520319592386
PR10_ME_03,253,2720077.3905120003,2.7200773905120004,0.26162083943684894,26.162083943684895,9.30120594665793e-05,93.01205946657929
PR20_ME_21,527,5671010.3373,5.671010337299999,0.5295982360839844,52.95982360839844,9.292876730161413e-05,92.92876730161414
PR16_ME_12,392,4221424.045056,4.2214240450560006,0.4105262756347656,41.05262756347656,9.285965963525936e-05,92.85965963525936
PR6_ME_29,215,2318779.7393920003,2.318779739392,0.21490987141927084,21.490987141927086,9.272118276157375e-05,92.72118276157374
PR11_ME_14,513,5534435.185664,5.534435185664,0.538214365641276,53.8214365641276,9.269238554438907e-05,92.69238554438907
FAS24_ME_16,541,5837778.60523,5.83777860523,0.5562718709309896,55.62718709309896,9.267223657905153e-05,92.67223657905153
PR13_ME_07,439,4738020.17208,4.73802017208,0.4419898986816406,44.19898986816406,9.26547342678953e-05,92.65473426789531
FAS6_ME_new_30,489,5280636.7502999995,5.280636750299999,0.49314244588216144,49.31424458821614,9.260246881632585e-05,92.60246881632585
PR1_ME_07,391,4222516.554288,4.222516554288,0.3956133524576823,39.561335245768234,9.259880807404681e-05,92.59880807404681
PR5_ME_19,284,3070971.4062080006,3.0709714062080007,0.28462473551432294,28.462473551432293,9.247888125102404e-05,92.47888125102403
PR10_ME_09,395,4276222.313184001,4.276222313184,0.41129302978515625,41.129302978515625,9.237124991892433e-05,92.37124991892433
PR11_ME_17,316,3424435.7754880004,3.4244357754880004,0.33302052815755206,33.302052815755204,9.227797532718169e-05,92.2779753271817
FAS23_ME_15,571,6188568.581895,6.188568581895001,0.6129646301269531,61.29646301269531,9.226689378065424e-05,92.26689378065423
PR12_ME_10,454,4925165.776432001,4.925165776432001,0.46956761678059894,46.95676167805989,9.217963833268102e-05,92.17963833268102
FAS4_ME_new_11,133,1444941.8473600002,1.4449418473600002,0.13776143391927084,13.776143391927084,9.204522676327727e-05,92.04522676327727
PR16_ME_15,624,6780460.765184,6.780460765184,0.6593882242838541,65.93882242838541,9.202914397854592e-05,92.02914397854592
PR13_ME_03,405,4403546.031248,4.403546031248,0.41078821818033856,41.07882181803386,9.197133335863409e-05,91.9713333586341
FAS4_ME_new_18,535,5822192.717264001,5.822192717264001,0.555090586344401,55.5090586344401,9.18897786419221e-05,91.88977864192209
PR11_ME_03,266,2895520.504832,2.895520504832,0.2815844217936198,28.15844217936198,9.186603913047871e-05,91.86603913047871
FAS20_ME_24,707,7696402.593968001,7.696402593968001,0.7337786356608073,73.37786356608072,9.186109891835778e-05,91.86109891835778
PR22_ME_20,514,5598009.336128001,5.598009336128001,0.5337168375651041,53.371683756510414,9.181835347840283e-05,91.81835347840283
PR20_ME_09,419,4568337.711,4.568337711,0.42662302652994794,42.662302652994796,9.171826307654513e-05,91.71826307654513
PR24_ME_03,206,2246955.2592960005,2.2469552592960005,0.21422576904296875,21.422576904296875,9.167961807327771e-05,91.67961807327771
FAS20_ME_23,674,7351958.546064001,7.351958546064001,0.7009391784667969,70.09391784667969,9.16762514066184e-05,91.67625140661839
PR5_ME_07,272,2967209.9504000004,2.9672099504000005,0.2750078837076823,27.50078837076823,9.166860604634077e-05,91.66860604634078
FAS15_ME_07,502,5480411.548976,5.480411548976001,0.5112444559733073,51.12444559733073,9.159896031782454e-05,91.59896031782453
PR13_ME_18,547,5972795.295632001,5.972795295632001,0.5694491068522135,56.94491068522135,9.158190979691363e-05,91.58190979691364
PR20_ME_03,357,3901369.6620800006,3.9013696620800005,0.3719584147135417,37.19584147135417,9.150632493760327e-05,91.50632493760327
PR5_ME_29,272,2973383.7776000006,2.9733837776000005,0.27558008829752606,27.558008829752605,9.147826864769801e-05,91.47826864769802
FAS4_ME_new_12,256,2801231.964432,2.801231964432,0.2670707702636719,26.707077026367188,9.138836171031219e-05,91.3883617103122
PR9_ME_11,368,4031391.9477600004,4.03139194776,0.3877449035644531,38.77449035644531,9.12836074409672e-05,91.28360744096719
FAS4_ME_new_02,270,2961890.7192160003,2.9618907192160004,0.28238805135091144,28.238805135091145,9.115798845930003e-05,91.15798845930001
FAS4_ME_new_17,545,5981864.526352,5.981864526352,0.5703137715657552,57.03137715657552,9.110871662156558e-05,91.10871662156558
PR5_ME_06,152,1670239.7714560002,1.6702397714560002,0.15480168660481772,15.480168660481771,9.10048979779094e-05,91.0048979779094
FAS20_ME_13,428,4703489.770848,4.703489770848001,0.44843292236328125,44.843292236328125,9.099626465708995e-05,90.99626465708994
PR16_ME_20,329,3617285.676032,3.617285676032,0.3517748514811198,35.177485148111984,9.095217504659411e-05,90.95217504659412
FAS23_ME_18,365,4013521.583175,4.013521583175,0.3658332824707031,36.58332824707031,9.094257809154655e-05,90.94257809154657
FAS24_ME_28,438,4816854.764001,4.8168547640009995,0.5533459981282552,55.33459981282552,9.093070508860148e-05,90.93070508860148
PR11_ME_15,333,3667861.53984,3.66786153984,0.3566932678222656,35.66932678222656,9.078859612964729e-05,90.78859612964729
PR14_ME_11,468,5156678.528976,5.156678528976,0.4810447692871094,48.10447692871094,9.075609374721566e-05,90.75609374721566
PR9_ME_14,477,5256746.840016,5.256746840016,0.5056012471516927,50.56012471516927,9.074053107692517e-05,90.74053107692517
FAS23_ME_23,429,4728386.913075,4.728386913075,0.43099339803059894,43.09933980305989,9.072861588668291e-05,90.7286158866829
FAS19_ME_09,325,3583569.3498039995,3.5835693498039993,0.34053929646809894,34.05392964680989,9.069170100413311e-05,90.69170100413311
FAS20_ME_04,591,6527952.249632001,6.527952249632001,0.6223780314127604,62.23780314127604,9.053375046260738e-05,90.53375046260737
FAS6_ME_new_10,527,5827487.547552001,5.827487547552001,0.5555953979492188,55.559539794921875,9.043348367537587e-05,90.43348367537587
FAS4_ME_new_09,391,4342187.623488001,4.342187623488001,0.4139862060546875,41.39862060546875,9.004677685620522e-05,90.04677685620521
PR17_ME_20,311,3455997.6536999997,3.4559976537,0.32274500528971356,32.27450052897136,8.99884870196722e-05,89.98848701967219
PR6_ME_11,500,5568572.6205440005,5.568572620544001,0.5161081949869791,51.610819498697914,8.978961649083323e-05,89.78961649083323
PR17_ME_14,467,5206796.64,5.206796639999999,0.4862467447916667,48.62467447916667,8.969046273334003e-05,89.69046273334003
PR5_ME_35,204,2279077.229242,2.2790772292419996,0.2295659383138021,22.95659383138021,8.950991102124632e-05,89.50991102124632
PR21_ME_07,535,5999308.1244,5.9993081244,0.5602569580078125,56.02569580078125,8.917694989261886e-05,89.17694989261886
PR20_ME_15,459,5150589.379199999,5.1505893791999995,0.4809977213541667,48.09977213541667,8.91160149270709e-05,89.1160149270709
PR5_ME_02,514,5767795.164480001,5.767795164480001,0.5345726013183594,53.45726013183594,8.911550867225361e-05,89.11550867225363
PR20_ME_17,354,3974566.8222,3.9745668222,0.37117258707682294,37.117258707682296,8.906630982343231e-05,89.0663098234323
PR11_ME_26,422,4746063.641600001,4.746063641600001,0.4615465799967448,46.154657999674484,8.891579040388398e-05,88.91579040388397
FAS20_ME_22,666,7499973.726256001,7.499973726256001,0.715051015218099,71.5051015218099,8.880031108221872e-05,88.80031108221873
PR1_ME_overview36,427,4809853.175248001,4.8098531752480005,0.4585736592610677,45.857365926106766,8.877609865460882e-05,88.77609865460883
FAS19_ME_24,410,4621988.325825,4.621988325825,0.4375419616699219,43.75419616699219,8.870641185075196e-05,88.70641185075196
PR6_ME_57,316,3564452.2741120006,3.5644522741120004,0.33036168416341144,33.03616841634114,8.865317184776277e-05,88.65317184776278
PR17_ME_50,481,5426941.7447999995,5.4269417448,0.506805419921875,50.6805419921875,8.863187088029567e-05,88.63187088029565
PR5_ME_22,613,6923261.224000001,6.923261224000002,0.6416638692220052,64.16638692220053,8.854208734389363e-05,88.54208734389361
FAS24_ME_12,422,4779294.270923001,4.779294270923001,0.4278093973795573,42.780939737955734,8.829755526196157e-05,88.29755526196158
PR1_ME_05,476,5400160.071264001,5.4001600712640005,0.5059483846028646,50.59483846028646,8.814553526532482e-05,88.14553526532482
PR6_ME_28,274,3109002.1817600005,3.1090021817600006,0.28814951578776044,28.814951578776043,8.813117006077143e-05,88.13117006077142
FAS4_ME_new_06,437,4961909.497952,4.961909497952,0.47307078043619794,47.307078043619796,8.807093321237908e-05,88.07093321237907
PR5_ME_21,528,6002963.102336001,6.002963102336,0.5563685099283854,55.63685099283854,8.795656261730701e-05,87.95656261730701
PR10_ME_36,604,6881158.774864001,6.8811587748640015,0.6560529073079427,65.60529073079428,8.777591387751948e-05,87.77591387751947
PR5_ME_27,654,7468739.436544001,7.468739436544001,0.6922200520833334,69.22200520833334,8.756497740435627e-05,87.56497740435627
PR11_ME_13,423,4834767.535104,4.834767535104,0.4701728820800781,47.01728820800781,8.749127996924487e-05,87.49127996924489
PR20_ME_04,400,4574039.839424001,4.574039839424001,0.4360911051432292,43.60911051432292,8.745004723228889e-05,87.45004723228888
PR16_ME_03,376,4300648.232960001,4.30064823296,0.41823069254557294,41.823069254557296,8.742868042969678e-05,87.42868042969677
PR6_ME_42,285,3260768.5739520006,3.2607685739520007,0.302215576171875,30.2215576171875,8.740270691905757e-05,87.40270691905756
PR16_ME_22,431,4935370.093568,4.935370093568,0.47995630900065106,47.99563090006511,8.732881057120699e-05,87.32881057120699
PR10_ME_13,345,3953245.595904,3.9532455959040003,0.3802286783854167,38.02286783854167,8.727006497078203e-05,87.27006497078203
FAS16_ME_09,518,5939521.852437,5.939521852437,0.5211041768391927,52.11041768391927,8.721240747476388e-05,87.21240747476388
FAS6_ME_new_11,329,3774493.7917280006,3.7744937917280006,0.3598620096842448,35.986200968424484,8.7164006130046e-05,87.16400613004599
PR22_ME_22,479,5503142.515376001,5.503142515376001,0.5246721903483073,52.46721903483073,8.704117668434986e-05,87.04117668434986
PR5_ME_17,296,3402162.9364480004,3.402162936448,0.31532033284505206,31.532033284505207,8.700347559162945e-05,87.00347559162947
PR6_ME_04,393,4518349.73536,4.51834973536,0.41877110799153644,41.87711079915364,8.697865880642984e-05,86.97865880642983
PR20_ME_26,425,4888438.6059,4.8884386059,0.4565162658691406,45.65162658691406,8.693982563001917e-05,86.93982563001917
FAS15_ME_15,489,5627665.772768,5.627665772768,0.5249811808268229,52.49811808268229,8.6892153824459e-05,86.892153824459
FAS19_ME_12,581,6686628.282368,6.686628282368,0.6354166666666666,63.541666666666664,8.688983078841716e-05,86.88983078841716
PR10_ME_20,383,4410516.111552,4.410516111552,0.4242095947265625,42.42095947265625,8.683790973959906e-05,86.83790973959906
FAS4_ME_new_05,498,5737742.174736001,5.737742174736001,0.5470390319824219,54.70390319824219,8.679372213564362e-05,86.79372213564362
PR1_ME_21,296,3412059.601392,3.412059601392,0.31968053181966144,31.968053181966145,8.67511223658703e-05,86.75112236587029
PR13_ME_14,449,5179019.515072,5.179019515072,0.4831288655598958,48.31288655598958,8.669594673148434e-05,86.69594673148434
PR6_ME_12,597,6886767.045440001,6.886767045440002,0.638281504313151,63.8281504313151,8.668799105021232e-05,86.68799105021232
FAS24_ME_08,552,6371331.694276,6.371331694276001,0.5703175862630209,57.031758626302086,8.663808862689042e-05,86.63808862689041
PR6_ME_01,386,4457777.630720001,4.457777630720001,0.4131571451822917,41.31571451822917,8.659023216859182e-05,86.59023216859181
PR16_ME_11,351,4056804.054016,4.056804054016,0.3945172627766927,39.451726277669266,8.652130971239057e-05,86.52130971239058
PR6_ME_32,582,6739747.640384001,6.739747640384,0.6246554056803385,62.46554056803385,8.635338161813433e-05,86.35338161813434
FAS23_ME_14,505,5859234.00225,5.85923400225,0.5340703328450521,53.40703328450521,8.61887406794259e-05,86.1887406794259
PR5_ME_13,147,1705581.5022720003,1.7055815022720002,0.15807723999023438,15.807723999023438,8.618761390422077e-05,86.18761390422077
PR9_ME_20,278,3230639.725536,3.2306397255359998,0.31072743733723956,31.072743733723957,8.605106840066377e-05,86.05106840066378
PR5_ME_28,326,3795079.0190720004,3.7950790190720003,0.35173670450846356,35.17367045084636,8.590071467858812e-05,85.90071467858813
PR11_ME_07,257,2993050.3311360003,2.993050331136,0.29106903076171875,29.106903076171875,8.586557911388569e-05,85.8655791138857
PR10_ME_18,585,6814531.104192001,6.8145311041920005,0.6554311116536459,65.54311116536459,8.584596519636305e-05,85.84596519636305
FAS19_ME_14,465,5430624.778818001,5.430624778818001,0.47495778401692706,47.495778401692704,8.562550699759619e-05,85.62550699759619
PR13_ME_19,465,5433576.180912001,5.433576180912001,0.5180397033691406,51.80397033691406,8.557899705787356e-05,85.57899705787355
PR1_ME_overview35,443,5176730.23208,5.176730232080001,0.49355189005533856,49.35518900553386,8.557525313077854e-05,85.57525313077855
PR6_ME_03,470,5496078.169600001,5.4960781696000005,0.5093892415364584,50.938924153645836,8.551552315970902e-05,85.51552315970902
PR5_ME_10,158,1848196.9105920002,1.8481969105920002,0.171295166015625,17.1295166015625,8.548872638759614e-05,85.48872638759615
PR1_ME_20,359,4201873.761312,4.201873761312,0.39367930094401044,39.367930094401046,8.543807367689819e-05,85.4380736768982
PR16_ME_28,380,4450989.826048001,4.4509898260480005,0.4328511555989583,43.28511555989583,8.537426838771255e-05,85.37426838771255
PR11_ME_05,239,2800082.751488,2.800082751488,0.2723032633463542,27.230326334635418,8.535462027791583e-05,85.35462027791583
PR16_ME_24,488,5718132.267008,5.718132267008,0.5560785929361979,55.60785929361979,8.53425519405386e-05,85.3425519405386
PR10_ME_28,431,5053748.796096001,5.053748796096001,0.4818267822265625,48.18267822265625,8.528322585660484e-05,85.28322585660483
PR20_ME_08,335,3930654.8997,3.9306548997,0.36707178751627606,36.70717875162761,8.522752786706568e-05,85.22752786706567
PR1_ME_overview26,623,7311106.996512001,7.3111069965120015,0.6970443725585938,69.70443725585938,8.521281391412027e-05,85.21281391412028
PR1_ME_04,432,5074788.39552,5.07478839552,0.4754638671875,47.54638671875,8.512670210670609e-05,85.12670210670609
PR12_ME_05,418,4912562.213152001,4.912562213152,0.46836598714192706,46.836598714192704,8.508798094829676e-05,85.08798094829676
PR12_ME_overview05,418,4912562.213152001,4.912562213152,0.46836598714192706,46.836598714192704,8.508798094829676e-05,85.08798094829676
FAS15_ME_12,404,4753109.538528,4.753109538528,0.44339752197265625,44.339752197265625,8.499698917629312e-05,84.99698917629311
PR13_ME_11,489,5767627.484320001,5.767627484320001,0.5380376180013021,53.80376180013021,8.47835615821941e-05,84.7835615821941
PR6_ME_22,521,6146044.977600001,6.146044977600001,0.5696296691894531,56.96296691894531,8.476996212993024e-05,84.76996212993024
PR17_ME_36,365,4306295.8665,4.306295866499999,0.40215174357096356,40.21517435709636,8.475961970923719e-05,84.7596197092372
FAS24_ME_29,477,5638619.173896001,5.638619173896001,0.504730224609375,50.4730224609375,8.459517929642642e-05,84.59517929642641
PR6_ME_40,271,3205560.8391680005,3.2055608391680006,0.2970987955729167,29.709879557291668,8.454058855745746e-05,84.54058855745745
PR16_ME_31,221,2614829.69088,2.61482969088,0.2542877197265625,25.42877197265625,8.451793276281187e-05,84.51793276281187
FAS24_ME_14,395,4679657.868869,4.6796578688690005,0.41889063517252606,41.88906351725261,8.440788003492771e-05,84.4078800349277
PR5_ME_08,341,4040358.3139200006,4.0403583139200006,0.3744697570800781,37.44697570800781,8.439845516304171e-05,84.39845516304172
FAS16_ME_05,541,6417894.467424001,6.417894467424,0.6118850708007812,61.188507080078125,8.429555872973794e-05,84.29555872973793
PR16_ME_23,389,4627822.2929920005,4.6278222929920005,0.4500478108723958,45.00478108723958,8.405681449546369e-05,84.05681449546368
PR3_ME_03,258,3070638.364144,3.070638364144,0.28644688924153644,28.644688924153645,8.402161681189132e-05,84.02161681189133
PR10_ME_22,543,6473786.040288,6.473786040288,0.6226577758789062,62.265777587890625,8.387672941626032e-05,83.87672941626033
FAS16_ME_18,314,3746632.5814720006,3.7466325814720007,0.35720570882161456,35.720570882161454,8.38085916278008e-05,83.8085916278008
PR6_ME_45,390,4654681.559552001,4.654681559552001,0.4314066569010417,43.14066569010417,8.37866124696909e-05,83.78661246969091
FAS20_ME_16,383,4571785.868848001,4.571785868848001,0.43587621053059894,43.58762105305989,8.377470226892066e-05,83.77470226892065
FAS6_ME_new_31,432,5172770.0061,5.1727700060999995,0.48306910196940106,48.30691019694011,8.351424855359181e-05,83.51424855359181
PR9_ME_18,338,4048393.5056160004,4.0483935056160005,0.38938013712565106,38.93801371256511,8.34899076710603e-05,83.4899076710603
PR16_ME_19,519,6217993.874432,6.2179938744320005,0.6046892801920573,60.46892801920573,8.346743507324691e-05,83.4674350732469
PR17_ME_27,379,4542507.9693,4.5425079693,0.4242108662923177,42.421086629231766,8.343408587534164e-05,83.43408587534165
PR10_ME_16,405,4857263.112384,4.8572631123839995,0.4671783447265625,46.71783447265625,8.338028857597162e-05,83.38028857597163
PR14_ME_10,292,3502990.3656000006,3.5029903656000005,0.33397674560546875,33.397674560546875,8.335735172653994e-05,83.35735172653995
PR16_ME_05,500,5999646.834688,5.999646834688001,0.5834554036458334,58.345540364583336,8.333823869584508e-05,83.33823869584508
FAS6_ME_new_22,550,6602242.6485,6.6022426485,0.6165631612141927,61.65631612141927,8.330502668285867e-05,83.30502668285867
PR24_ME_05,342,4105574.0614240007,4.105574061424001,0.39142735799153644,39.14273579915364,8.330138365142018e-05,83.30138365142018
PR22_ME_24,532,6389753.177984001,6.3897531779840016,0.6092020670572916,60.920206705729164,8.325830203160502e-05,83.25830203160501
PR17_ME_03,336,4053732.738176001,4.053732738176,0.3864847819010417,38.64847819010417,8.288656941680497e-05,82.88656941680499
PR17_ME_16,495,5975139.5468999995,5.9751395468999995,0.5579999287923177,55.79999287923177,8.28432534695887e-05,82.84325346958869
PR5_ME_31,295,3562010.1824640003,3.5620101824640003,0.3301353454589844,33.01353454589844,8.281840446506961e-05,82.81840446506962
PR13_ME_13,496,6014959.511600001,6.014959511600001,0.5611101786295573,56.11101786295573,8.246107044335901e-05,82.46107044335902
PR9_ME_19,339,4112023.7528640004,4.112023752864,0.39550018310546875,39.550018310546875,8.24411580219809e-05,82.44115802198091
PR22_ME_16,547,6643254.3417,6.6432543417,0.6203931172688802,62.03931172688802,8.233916268514017e-05,82.33916268514017
PR17_ME_35,489,5943441.2661,5.9434412661,0.5550397237141927,55.50397237141927,8.227556698324618e-05,82.27556698324618
PR17_ME_15,475,5780524.6296,5.7805246295999995,0.539825439453125,53.9825439453125,8.217247229908767e-05,82.17247229908767
PR20_ME_23,338,4117590.3366,4.1175903366,0.38452911376953125,38.452911376953125,8.208684506460526e-05,82.08684506460526
PR16_ME_04,513,6250185.647104001,6.250185647104001,0.6078198750813802,60.78198750813802,8.207756200612962e-05,82.07756200612963
PR11_ME_16,339,4135139.1109120003,4.135139110912,0.4021352132161458,40.21352132161458,8.198031333587564e-05,81.98031333587565
PR17_ME_04,467,5698677.797120001,5.698677797120001,0.5433146158854166,54.331461588541664,8.194883385686634e-05,81.94883385686633
PR17_ME_13,508,6201071.4942,6.2010714942,0.5790990193684896,57.90990193684896,8.192132609261862e-05,81.92132609261863
PR9_ME_07,109,1330656.142896,1.330656142896,0.12798436482747397,12.798436482747396,8.191447548784142e-05,81.91447548784141
PR6_ME_27,179,2187702.5281280004,2.1877025281280003,0.2027613321940104,20.27613321940104,8.182099608997977e-05,81.82099608997979
FAS20_ME_14,314,3870814.3568160003,3.8708143568160005,0.3690452575683594,36.90452575683594,8.111988100051526e-05,81.11988100051526
PR5_ME_26,487,6006598.8005760005,6.0065988005760005,0.5567054748535156,55.67054748535156,8.107749762699305e-05,81.07749762699305
PR20_ME_25,523,6455433.8582999995,6.455433858299999,0.6028531392415365,60.28531392415365,8.101701783026694e-05,81.01701783026695
PR6_ME_48,415,5127190.614,5.127190614,0.4851023356119792,48.51023356119792,8.094101258237325e-05,80.94101258237325
PR10_ME_17,490,6065312.375376,6.065312375376,0.5833702087402344,58.33702087402344,8.078726530051537e-05,80.78726530051537
PR20_ME_14,277,3433272.3828,3.4332723828,0.3206227620442708,32.06227620442708,8.068104394737626e-05,80.68104394737627
FAS16_ME_13,364,4517543.866880001,4.5175438668800005,0.4307047526041667,43.07047526041667,8.05747571525837e-05,80.57475715258371
FAS19_ME_10,340,4219887.711859999,4.219887711859999,0.40100733439127606,40.10073343912761,8.057086425414345e-05,80.57086425414344
PR16_ME_27,415,5150905.910272,5.150905910272001,0.5009167989095052,50.09167989095052,8.056835190338109e-05,80.56835190338109
PR1_ME_overview34,376,4671934.182784,4.671934182784001,0.4454243977864583,44.54243977864583,8.04805858322135e-05,80.4805858322135
PR6_ME_46,331,4115582.9684480005,4.115582968448001,0.38144175211588544,38.144175211588546,8.042603017302824e-05,80.42603017302822
PR17_ME_40,298,3706141.1337280003,3.7061411337280004,0.35334523518880206,35.334523518880204,8.040708360726737e-05,80.40708360726737
PR16_ME_14,473,5883968.275456,5.8839682754560005,0.5722058614095052,57.22058614095052,8.03879249269649e-05,80.38792492696489
FAS24_ME_21,471,5859195.2286,5.8591952286,0.5354995727539062,53.549957275390625,8.03864663360161e-05,80.38646633601608
PR6_ME_25,408,5077396.648128001,5.077396648128001,0.4705848693847656,47.05848693847656,8.03561408089767e-05,80.3561408089767
FAS19_ME_25,310,3867674.8665,3.8676748665,0.3661346435546875,36.61346435546875,8.015151497998856e-05,80.15151497998856
PR1_ME_overview27,373,4671160.630752001,4.671160630752001,0.44535064697265625,44.535064697265625,7.985167488020027e-05,79.85167488020026
PR10_ME_35,413,5198229.643728001,5.198229643728001,0.4956016540527344,49.56016540527344,7.945012596708018e-05,79.45012596708018
FAS19_ME_28,377,4746666.238275,4.746666238275,0.4493446350097656,44.93446350097656,7.942416447148529e-05,79.4241644714853
PR10_ME_21,441,5558055.164352001,5.558055164352001,0.5345815022786459,53.458150227864586,7.93443006518657e-05,79.34430065186571
PR13_ME_06,328,4145614.133167,4.145614133167,0.39502843221028644,39.50284322102864,7.911976114125888e-05,79.11976114125888
FAS20_ME_09,334,4233076.775664001,4.233076775664001,0.4035835266113281,40.35835266113281,7.890241961123153e-05,78.90241961123152
PR22_ME_08,341,4325581.64703,4.32558164703,0.42987823486328125,42.987823486328125,7.883332874646696e-05,78.83332874646696
PR17_ME_25,477,6062500.444499999,6.0625004444999995,0.5661582946777344,56.61582946777344,7.868040660231906e-05,78.68040660231907
PR11_ME_22,273,3470160.64512,3.47016064512,0.3374671936035156,33.74671936035156,7.867070949119116e-05,78.67070949119115
PR6_ME_33,250,3181674.9877120005,3.1816749877120003,0.29488499959309894,29.488499959309895,7.857496474829426e-05,78.57496474829426
PR1_ME_overview37,355,4521678.369120001,4.521678369120001,0.43109893798828125,43.109893798828125,7.851067037947888e-05,78.51067037947888
FAS23_ME_04,421,5371408.584225,5.371408584225,0.4896049499511719,48.96049499511719,7.83779512205443e-05,78.3779512205443
PR11_ME_09,331,4229753.110528001,4.229753110528001,0.4113362630208333,41.13362630208333,7.82551584810304e-05,78.2551584810304
PR6_ME_39,289,3693924.2903040005,3.6939242903040004,0.3423614501953125,34.23614501953125,7.823657911955094e-05,78.23657911955094
PR22_ME_09,431,5510313.1251,5.5103131251,0.5145912170410156,51.45912170410156,7.821697065394597e-05,78.21697065394598
PR1_ME_15,284,3638886.03072,3.63888603072,0.3409322102864583,34.09322102864583,7.804586282791796e-05,78.04586282791796
PR10_ME_27,533,6829770.913152001,6.829770913152001,0.651153564453125,65.1153564453125,7.80406849333129e-05,78.04068493331289
FAS20_ME_10,395,5063951.680656001,5.063951680656001,0.4827995300292969,48.27995300292969,7.800232405630505e-05,78.00232405630506
PR20_ME_18,498,6388728.5844,6.3887285844,0.5966237386067709,59.662373860677086,7.794978193564469e-05,77.9497819356447
PR22_ME_11,431,5532470.807072001,5.532470807072,0.5274683634440104,52.74683634440104,7.790370975822682e-05,77.90370975822682
PR10_ME_30,402,5161499.259312001,5.161499259312001,0.4920997619628906,49.20997619628906,7.788434712544826e-05,77.88434712544826
PR17_ME_17,544,6999519.5982,6.9995195982,0.6536636352539062,65.36636352539062,7.771961952073044e-05,77.71961952073043
PR20_ME_07,504,6492714.7401,6.4927147401,0.6063346862792969,60.63346862792969,7.762546487484178e-05,77.62546487484177
PR14_ME_09,320,4129394.1291680005,4.129394129168,0.39369837443033856,39.36983744303386,7.74932084442311e-05,77.4932084442311
PR6_ME_08,468,6040911.560192001,6.040911560192001,0.5598856608072916,55.988566080729164,7.74717516283462e-05,77.4717516283462
FAS16_ME_12,475,6135187.873936001,6.135187873936001,0.5849316914876302,58.49316914876302,7.74222419525135e-05,77.4222419525135
FAS16_ME_11,402,5207085.480784001,5.207085480784001,0.4964459737141927,49.644597371419266,7.720249676782207e-05,77.20249676782205
PR17_ME_52,508,6587959.3596,6.5879593596,0.6152292887369791,61.522928873697914,7.711037246453872e-05,77.11037246453873
FAS6_ME_new_32,324,4221944.126999999,4.2219441269999995,0.39427439371744794,39.427439371744796,7.674189668403445e-05,76.74189668403446
PR1_ME_overview33,316,4120911.731024001,4.120911731024001,0.39288965861002606,39.28896586100261,7.668205985122557e-05,76.68205985122557
PR17_ME_53,441,5760604.2753,5.7606042752999995,0.5379651387532552,53.79651387532552,7.655446875441442e-05,76.55446875441443
PR12_ME_04,464,6071916.652560001,6.0719166525600015,0.5788993835449219,57.88993835449219,7.641738623081583e-05,76.41738623081584
PR12_ME_overview04,464,6071916.652560001,6.0719166525600015,0.5788993835449219,57.88993835449219,7.641738623081583e-05,76.41738623081584
PR10_ME_08,185,2424665.4073920003,2.424665407392,0.23320770263671875,23.320770263671875,7.629918727590058e-05,76.29918727590058
PR6_ME_16,325,4261010.898048,4.261010898048,0.39492034912109375,39.492034912109375,7.627298023313783e-05,76.27298023313783
PR6_ME_24,370,4869517.026496001,4.869517026496,0.45131810506184894,45.13181050618489,7.598289481005142e-05,75.98289481005143
PR20_ME_06,298,3924936.3248480004,3.9249363248480003,0.3742052714029948,37.420527140299484,7.592479860460935e-05,75.92479860460935
PR20_ME_22,479,6340473.126,6.340473126,0.5921173095703125,59.21173095703125,7.554641278042694e-05,75.54641278042695
PR10_ME_34,631,8355402.239712001,8.355402239712001,0.7966079711914062,79.66079711914062,7.552000273558939e-05,75.52000273558939
FAS6_ME_new_24,498,6601439.298599999,6.601439298599999,0.6164881388346354,61.64881388346354,7.543809425099363e-05,75.43809425099363
PR5_ME_16,330,4377339.522112001,4.377339522112001,0.4057019551595052,40.570195515950516,7.538825771522057e-05,75.38825771522058
PR17_ME_32,352,4675482.801899999,4.675482801899999,0.4366289774576823,43.662897745768234,7.528634259053546e-05,75.28634259053545
FAS23_ME_09,391,5201187.938775,5.201187938775,0.4740893046061198,47.408930460611984,7.517513395066619e-05,75.1751339506662
PR17_ME_51,457,6081644.6811,6.081644681099999,0.5679461161295573,56.79461161295573,7.514414668456781e-05,75.14414668456781
PR6_ME_17,398,5302151.39744,5.30215139744,0.49141565958658856,49.14156595865886,7.506386939312285e-05,75.06386939312286
FAS23_ME_03,235,3132746.22735,3.1327462273499997,0.28555043538411456,28.555043538411457,7.50140557024267e-05,75.0140557024267
PR6_ME_41,430,5738188.233152001,5.738188233152001,0.5318285624186198,53.18285624186198,7.493654486893678e-05,74.93654486893678
PR17_ME_39,418,5593194.3258,5.5931943258,0.5223312377929688,52.233123779296875,7.473368090786173e-05,74.73368090786173
PR1_ME_16,276,3696756.424704,3.6967564247039997,0.3463541666666667,34.63541666666667,7.466004472342247e-05,74.66004472342247
FAS15_ME_14,372,4986347.252432,4.986347252432,0.46515528361002606,46.51552836100261,7.460370912165489e-05,74.60370912165489
PR5_ME_30,318,4267212.164480001,4.267212164480001,0.39549509684244794,39.549509684244796,7.452172231955363e-05,74.52172231955362
PR11_ME_24,238,3196269.0682880003,3.196269068288,0.3108317057291667,31.083170572916668,7.446181623485116e-05,74.46181623485116
FAS16_ME_10,484,6501838.200000001,6.501838200000001,0.6198883056640625,61.98883056640625,7.444048669190197e-05,74.44048669190198
PR10_ME_33,598,8037992.501616001,8.037992501616001,0.7663459777832031,76.63459777832031,7.439668547585419e-05,74.39668547585418
PR22_ME_13,488,6566010.2064,6.5660102064,0.6131795247395834,61.317952473958336,7.432215069119726e-05,74.32215069119727
FAS19_ME_27,375,5054599.9964000005,5.0545999964,0.4784952799479167,47.84952799479167,7.418984692499573e-05,74.18984692499573
PR22_ME_25,328,4429905.756496001,4.429905756496001,0.4223492940266927,42.234929402669266,7.404220722281095e-05,74.04220722281096
PR16_ME_10,364,4918607.358976,4.918607358976,0.47832616170247394,47.83261617024739,7.40046873909815e-05,74.0046873909815
PR6_ME_18,357,4839086.918208001,4.839086918208001,0.4484977722167969,44.84977722167969,7.37742483311714e-05,73.7742483311714
PR20_ME_10,400,5431040.1909,5.4310401909,0.5071881612141927,50.71881612141927,7.365071624220743e-05,73.65071624220744
PR11_ME_19,349,4746181.320704,4.746181320704,0.4615580240885417,46.15580240885417,7.353279961673123e-05,73.53279961673123
PR6_ME_23,373,5077753.358144001,5.077753358144001,0.47061793009440106,47.06179300944011,7.345768368244207e-05,73.45768368244207
FAS15_ME_10,369,5025004.382736,5.025004382736,0.4687614440917969,46.87614440917969,7.343277177384031e-05,73.43277177384032
PR1_ME_14,143,1948484.222208,1.948484222208,0.18255615234375,18.255615234375,7.339038128723159e-05,73.39038128723159
PR13_ME_10,390,5316936.597024,5.316936597024,0.49599456787109375,49.599456787109375,7.335050792561474e-05,73.35050792561475
FAS20_ME_19,329,4501005.85792,4.50100585792,0.4291280110677083,42.91280110677083,7.309477267644284e-05,73.09477267644284
PR6_ME_38,319,4367927.865536001,4.367927865536001,0.4048296610514323,40.482966105143234,7.303234160916132e-05,73.0323416091613
PR17_ME_33,333,4578726.795299999,4.5787267953,0.4275932312011719,42.75932312011719,7.272764130452596e-05,72.72764130452595
PR20_ME_11,399,5494123.5822,5.4941235822,0.5130793253580729,51.30793253580729,7.26230478856883e-05,72.62304788568831
PR21_ME_09,358,4932350.5284,4.9323505284,0.4606170654296875,46.06170654296875,7.25820271569651e-05,72.58202715696511
PR9_ME_04,213,2948501.1204000004,2.9485011204000005,0.28359095255533856,28.359095255533855,7.224009464548005e-05,72.24009464548006
PR10_ME_26,602,8354655.361888001,8.354655361888002,0.7965367635091146,79.65367635091147,7.205563532233589e-05,72.05563532233589
PR20_ME_20,507,7047734.2083,7.0477342083,0.658166249593099,65.8166249593099,7.193801369565193e-05,71.93801369565193
PR10_ME_32,643,9024438.888585,9.024438888585,0.7917594909667969,79.17594909667969,7.125096728322132e-05,71.25096728322133
PR17_ME_49,276,3879717.0696,3.8797170696,0.3623148600260417,36.23148600260417,7.113920810427955e-05,71.13920810427955
PR10_ME_04,302,4253416.957584,4.253416957584,0.4090995788574219,40.90995788574219,7.100173883999847e-05,71.00173883999847
PR14_ME_06,418,5892452.581136001,5.892452581136001,0.5617891947428385,56.17891947428385,7.09382034465883e-05,70.9382034465883
PR9_ME_22,380,5357724.988464001,5.357724988464001,0.515313466389974,51.5313466389974,7.092562623467946e-05,70.92562623467946
FAS23_ME_25,288,4064775.5771719995,4.064775577171999,0.38626734415690106,38.62673441569011,7.085262015876686e-05,70.85262015876687
PR1_ME_overview32,258,3645363.9508000007,3.6453639508000006,0.3475507100423177,34.755071004231766,7.077482618529217e-05,70.77482618529217
FAS16_ME_16,215,3040486.2730880002,3.0404862730880002,0.2898813883463542,28.988138834635418,7.071237318287254e-05,70.71237318287254
PR11_ME_10,276,3911208.8514560005,3.9112088514560006,0.38035837809244794,38.035837809244796,7.056641833310825e-05,70.56641833310826
PR6_ME_52,299,4243134.238400001,4.2431342384000015,0.3932634989420573,39.326349894205734,7.046677837671871e-05,70.46677837671871
FAS16_ME_14,287,4089796.2673920006,4.089796267392001,0.389923095703125,38.9923095703125,7.017464470987339e-05,70.17464470987339
PR14_ME_12,391,5607887.389104,5.607887389104,0.5231361389160156,52.31361389160156,6.972322603333731e-05,69.7232260333373
FAS16_ME_15,235,3376527.9454720006,3.3765279454720005,0.3219197591145833,32.19197591145833,6.959812084930031e-05,69.59812084930032
PR14_ME_13,265,3809322.1460320004,3.8093221460320006,0.35535558064778644,35.53555806477864,6.956618260181502e-05,69.56618260181502
PR20_ME_16,331,4777331.2299,4.7773312299,0.4461402893066406,44.61402893066406,6.92855454376624e-05,69.28554543766239
PR17_ME_47,399,5779530.6543,5.779530654299999,0.5397326151529948,53.97326151529948,6.903674776828842e-05,69.03674776828842
PR10_ME_31,500,7250249.790960001,7.250249790960001,0.6912422180175781,69.12422180175781,6.896314119044929e-05,68.96314119044929
PR1_ME_13,302,4394024.09856,4.39402409856,0.41168212890625,41.168212890625,6.87297095386825e-05,68.7297095386825
PR22_ME_04,357,5203201.9896,5.2032019896,0.4859110514322917,48.59110514322917,6.861159738052849e-05,68.6115973805285
PR11_ME_25,273,3993767.2806400005,3.9937672806400006,0.3883870442708333,38.83870442708333,6.835651173852369e-05,68.35651173852368
PR10_ME_24,395,5779393.9505280005,5.779393950528,0.5510101318359375,55.10101318359375,6.834626664685371e-05,68.34626664685372
PR17_ME_34,470,6883387.8813,6.883387881299999,0.6428184509277344,64.28184509277344,6.828033057338556e-05,68.28033057338556
PR17_ME_44,344,5042300.5359,5.0423005359,0.4708849589029948,47.088495890299484,6.822282756666338e-05,68.22282756666337
PR16_ME_13,321,4727457.267712001,4.727457267712,0.4597371419270833,45.97371419270833,6.790119546767641e-05,67.90119546767642
FAS19_ME_29,331,4875440.979350001,4.87544097935,0.46153513590494794,46.153513590494796,6.789129463405571e-05,67.89129463405571
PR10_ME_25,543,8040059.752736001,8.040059752736001,0.7665430704752604,76.65430704752603,6.753681150382236e-05,67.53681150382238
PR22_ME_10,345,5166234.2781,5.1662342781,0.48245875040690106,48.24587504069011,6.677978222212595e-05,66.77978222212593
PR16_ME_26,346,5196800.7608320005,5.196800760832001,0.5053799947102865,50.53799947102865,6.657942375004692e-05,66.57942375004691
FAS23_ME_10,357,5380559.931825,5.380559931825,0.49043909708658856,49.04390970865886,6.634997184743026e-05,66.34997184743025
FAS15_ME_08,328,4964439.96833,4.96443996833,0.5034510294596354,50.34510294596354,6.60698894724145e-05,66.06988947241449
PR17_ME_46,249,3769767.0620999997,3.7697670620999997,0.3520469665527344,35.20469665527344,6.605182651823881e-05,66.05182651823881
PR16_ME_25,291,4421896.936448,4.421896936448,0.4300219217936198,43.002192179361984,6.580886080844594e-05,65.80886080844594
FAS23_ME_11,349,5319820.652175,5.319820652175,0.48490269978841144,48.49026997884114,6.56037153916668e-05,65.60371539166681
PR1_ME_overview31,345,5279812.708896001,5.279812708896001,0.5033798217773438,50.337982177734375,6.534322693278619e-05,65.3432269327862
PR17_ME_45,341,5228133.0687,5.2281330687,0.4882392883300781,48.82392883300781,6.52240475747476e-05,65.2240475747476
PR1_ME_22,255,3911001.74352,3.91100174352,0.36642710367838544,36.642710367838546,6.520068686302696e-05,65.20068686302696
FAS19_ME_13,273,4190904.5438359994,4.190904543835999,0.3982531229654948,39.825312296549484,6.514106850787847e-05,65.14106850787847
PR17_ME_18,499,7671732.8390999995,7.6717328391,0.7164395650227865,71.64395650227866,6.504397513124814e-05,65.04397513124813
PR17_ME_37,384,5913894.3291,5.9138943291,0.5522804260253906,55.22804260253906,6.493183317640353e-05,64.93183317640352
PR17_ME_06,156,2403799.9101,2.4037999101,0.22448348999023438,22.448348999023438,6.489724845422358e-05,64.89724845422357
PR17_ME_05,156,2403799.9101,2.4037999101,0.22448348999023438,22.448348999023438,6.489724845422358e-05,64.89724845422357
PR9_ME_03,299,4637631.012336,4.637631012336,0.44605382283528644,44.60538228352864,6.447257213966923e-05,64.47257213966924
FAS16_ME_17,333,5173142.551104001,5.173142551104001,0.4932098388671875,49.32098388671875,6.437093057273948e-05,64.37093057273947
PR16_ME_21,322,5026741.380096001,5.026741380096,0.4888420104980469,48.88420104980469,6.405740332593965e-05,64.05740332593965
PR22_ME_03,293,4583846.4489,4.5838464489,0.4280713399251302,42.807133992513016,6.392011671122014e-05,63.92011671122014
PR1_ME_overview30,263,4133728.687968001,4.133728687968,0.39411163330078125,39.411163330078125,6.362294670318138e-05,63.622946703181384
PR14_ME_08,223,3516300.7953920006,3.5163007953920005,0.3352457682291667,33.52457682291667,6.34189203302045e-05,63.4189203302045
PR17_ME_41,312,4951236.0591,4.9512360591,0.46238072713216144,46.23807271321614,6.3014567731338e-05,63.014567731338
PR17_ME_48,246,3943128.1347040003,3.943128134704,0.37593968709309894,37.59396870930989,6.238701649964681e-05,62.38701649964681
PR16_ME_17,329,5349051.370496,5.349051370496,0.5201861063639323,52.01861063639323,6.150623301445185e-05,61.50623301445185
PR14_ME_04,300,4911588.604560001,4.911588604560001,0.4682731628417969,46.82731628417969,6.10800342116347e-05,61.0800342116347
PR17_ME_42,270,4461723.648,4.461723648,0.4166666666666667,41.66666666666667,6.0514729575649416e-05,60.51472957564941
PR10_ME_10,212,3534116.2112160004,3.5341162112160003,0.3399162292480469,33.99162292480469,5.9986708792197906e-05,59.98670879219791
FAS20_ME_07,341,5692302.661408001,5.692302661408001,0.5427068074544271,54.27068074544271,5.990545835025102e-05,59.90545835025101
PR1_ME_23,262,4449383.6991840005,4.449383699184001,0.4168688456217448,41.686884562174484,5.8884559685884085e-05,58.884559685884085
PR17_ME_30,352,5979742.887789001,5.979742887789,0.5468101501464844,54.68101501464844,5.8865407193142946e-05,58.86540719314295
PR17_ME_31,391,6656312.1816,6.6563121816,0.621612548828125,62.1612548828125,5.87412352865358e-05,58.7412352865358
PR17_ME_43,259,4424469.9984,4.4244699984,0.4131876627604167,41.31876627604167,5.8538084808725324e-05,58.53808480872532
PR14_ME_05,290,4977700.629088,4.977700629088001,0.47457631429036456,47.457631429036454,5.825983151846015e-05,58.259831518460146
PR20_ME_05,252,4514022.871424001,4.514022871424,0.4303690592447917,43.03690592447917,5.582603526341985e-05,55.826035263419854
PR11_ME_18,203,3750956.0627200003,3.7509560627200003,0.36477406819661456,36.477406819661454,5.411953555456868e-05,54.11953555456868
PR1_ME_overview29,193,3572423.3290240006,3.5724233290240006,0.3405965169270833,34.05965169270833,5.402495231513571e-05,54.02495231513571
PR16_ME_16,266,4941672.46336,4.941672463360001,0.48056920369466144,48.05692036946614,5.382793011318645e-05,53.82793011318644
PR14_ME_07,251,4740193.481056001,4.740193481056001,0.45193227132161456,45.193227132161454,5.2951425084885614e-05,52.951425084885614
PR3_ME_05,200,4016783.896112,4.016783896112,0.3747088114420573,37.470881144205734,4.979107793017884e-05,49.791077930178844
PR1_ME_19,172,3463049.064384,3.4630490643839997,0.3244578043619792,32.44578043619792,4.9667214296484425e-05,49.667214296484424
PR1_ME_18,159,3835596.511584,3.8355965115840003,0.35936228434244794,35.936228434244796,4.145378678904294e-05,41.45378678904294
PR1_ME_17,203,5087369.506032,5.087369506032,0.4766426086425781,47.66426086425781,3.990274340389599e-05,39.90274340389599
